oid,x,y,d,theta,phi,true_d,,,,
0,-12000,-12000,0.0079186,0.54105,-0.19199,0.0041057,,,,
0,-12000,-11172,0.012395,0.54105,-0.19199,0.0044479,,,,
0,-12000,-10345,0.013203,0.54105,-0.19199,0.0048048,,,,
0,-12000,-9517.2,0.0090001,0.54105,-0.19199,0.0051711,,,,0.325097692
0,-12000,-8689.7,0.0061009,0.54105,-0.19199,0.0055398,,,,325097.6917
0,-12000,-7862.1,0.017206,0.54105,-0.19199,0.005902,,,,32509769.17
0,-12000,-7034.5,0.015926,0.54105,-0.19199,0.0062468,,,,
0,-12000,-6206.9,0.018098,0.54105,-0.19199,0.0065621,,,,
0,-12000,-5379.3,0.018705,0.54105,-0.19199,0.0068346,,,,
0,-12000,-4551.7,0.019441,0.54105,-0.19199,0.0070515,,,,
0,-12000,-3724.1,0.012264,0.54105,-0.19199,0.0072013,,,,
0,-12000,-2896.6,0.016729,0.54105,-0.19199,0.007275,,,,
0,-12000,-2069,0.012528,0.54105,-0.19199,0.0072675,,,,
0,-12000,-1241.4,0.013999,0.54105,-0.19199,0.0071779,,,,
0,-12000,-413.79,0.0090264,0.54105,-0.19199,0.0070099,,,,
0,-12000,413.79,0.012541,0.54105,-0.19199,0.0067716,,,,
0,-12000,1241.4,0.0090365,0.54105,-0.19199,0.006474,,,,
0,-12000,2069,0.0032573,0.54105,-0.19199,0.0061304,,,,
0,-12000,2896.6,-0.0021827,0.54105,-0.19199,0.0057547,,,,
0,-12000,3724.1,-0.008149,0.54105,-0.19199,0.0053605,,,,
0,-12000,4551.7,-0.0089098,0.54105,-0.19199,0.0049598,,,,
0,-12000,5379.3,0.00040083,0.54105,-0.19199,0.0045628,,,,
0,-12000,6206.9,-0.0073592,0.54105,-0.19199,0.0041776,,,,
0,-12000,7034.5,0.0064578,0.54105,-0.19199,0.0038103,,,,
0,-12000,7862.1,-0.0044202,0.54105,-0.19199,0.0034647,,,,
0,-12000,8689.7,-0.0023454,0.54105,-0.19199,0.0031431,,,,
0,-12000,9517.2,-0.0032387,0.54105,-0.19199,0.0028467,,,,
0,-12000,10345,-0.0069835,0.54105,-0.19199,0.0025755,,,,
0,-12000,11172,0.0035292,0.54105,-0.19199,0.0023286,,,,
0,-12000,12000,0.010532,0.54105,-0.19199,0.002105,,,,
0,-11172,-12000,0.014431,0.54105,-0.19199,0.0044206,,,,
0,-11172,-11172,0.0126,0.54105,-0.19199,0.0048209,,,,
0,-11172,-10345,0.0090848,0.54105,-0.19199,0.0052433,,,,
0,-11172,-9517.2,0.012511,0.54105,-0.19199,0.0056822,,,,
0,-11172,-8689.7,0.011964,0.54105,-0.19199,0.0061296,,,,
0,-11172,-7862.1,0.012635,0.54105,-0.19199,0.0065746,,,,
0,-11172,-7034.5,0.014154,0.54105,-0.19199,0.0070036,,,,
0,-11172,-6206.9,0.019402,0.54105,-0.19199,0.0074006,,,,
0,-11172,-5379.3,0.016896,0.54105,-0.19199,0.0077479,,,,
0,-11172,-4551.7,0.019072,0.54105,-0.19199,0.0080279,,,,
0,-11172,-3724.1,0.019369,0.54105,-0.19199,0.0082242,,,,
0,-11172,-2896.6,0.013769,0.54105,-0.19199,0.008324,,,,
0,-11172,-2069,0.011804,0.54105,-0.19199,0.0083196,,,,
0,-11172,-1241.4,0.014676,0.54105,-0.19199,0.0082096,,,,
0,-11172,-413.79,0.011943,0.54105,-0.19199,0.0079992,,,,
0,-11172,413.79,0.0040247,0.54105,-0.19199,0.0076997,,,,
0,-11172,1241.4,0.0043538,0.54105,-0.19199,0.0073268,,,,
0,-11172,2069,0.0095637,0.54105,-0.19199,0.0068987,,,,
0,-11172,2896.6,-0.0030083,0.54105,-0.19199,0.0064344,,,,
0,-11172,3724.1,-0.0011701,0.54105,-0.19199,0.0059519,,,,
0,-11172,4551.7,-0.0028048,0.54105,-0.19199,0.0054666,,,,
0,-11172,5379.3,-1.36E-05,0.54105,-0.19199,0.0049913,,,,
0,-11172,6206.9,-0.008679,0.54105,-0.19199,0.0045356,,,,
0,-11172,7034.5,-0.0032282,0.54105,-0.19199,0.0041059,,,,
0,-11172,7862.1,-0.0019215,0.54105,-0.19199,0.0037063,,,,
0,-11172,8689.7,-0.012601,0.54105,-0.19199,0.0033387,,,,
0,-11172,9517.2,-0.0060857,0.54105,-0.19199,0.0030035,,,,
0,-11172,10345,-0.0023491,0.54105,-0.19199,0.0026999,,,,
0,-11172,11172,-0.0016844,0.54105,-0.19199,0.0024263,,,,
0,-11172,12000,0.0075712,0.54105,-0.19199,0.0021807,,,,
0,-10345,-12000,0.0010675,0.54105,-0.19199,0.0047546,,,,
0,-10345,-11172,0.0077955,0.54105,-0.19199,0.0052225,,,,
0,-10345,-10345,0.0041309,0.54105,-0.19199,0.0057226,,,,
0,-10345,-9517.2,0.0060247,0.54105,-0.19199,0.0062494,,,,
0,-10345,-8689.7,0.009537,0.54105,-0.19199,0.0067938,,,,
0,-10345,-7862.1,0.0093673,0.54105,-0.19199,0.0073429,,,,
0,-10345,-7034.5,0.013589,0.54105,-0.19199,0.0078797,,,,
0,-10345,-6206.9,0.015928,0.54105,-0.19199,0.0083833,,,,
0,-10345,-5379.3,0.018613,0.54105,-0.19199,0.0088299,,,,
0,-10345,-4551.7,0.022553,0.54105,-0.19199,0.0091948,,,,
0,-10345,-3724.1,0.025638,0.54105,-0.19199,0.0094547,,,,
0,-10345,-2896.6,0.020789,0.54105,-0.19199,0.0095909,,,,
0,-10345,-2069,0.011997,0.54105,-0.19199,0.0095918,,,,
0,-10345,-1241.4,0.011317,0.54105,-0.19199,0.0094552,,,,
0,-10345,-413.79,0.013733,0.54105,-0.19199,0.0091884,,,,
0,-10345,413.79,0.013988,0.54105,-0.19199,0.0088076,,,,
0,-10345,1241.4,0.0074142,0.54105,-0.19199,0.0083352,,,,
0,-10345,2069,0.0078285,0.54105,-0.19199,0.0077968,,,,
0,-10345,2896.6,0.010038,0.54105,-0.19199,0.0072185,,,,
0,-10345,3724.1,-0.0026043,0.54105,-0.19199,0.0066242,,,,
0,-10345,4551.7,-0.0053494,0.54105,-0.19199,0.0060339,,,,
0,-10345,5379.3,0.0034741,0.54105,-0.19199,0.005463,,,,
0,-10345,6206.9,0.0020165,0.54105,-0.19199,0.0049228,,,,
0,-10345,7034.5,-0.010196,0.54105,-0.19199,0.00442,,,,
0,-10345,7862.1,-0.0064709,0.54105,-0.19199,0.0039582,,,,
0,-10345,8689.7,-0.0041719,0.54105,-0.19199,0.0035387,,,,
0,-10345,9517.2,-0.0053446,0.54105,-0.19199,0.0031605,,,,
0,-10345,10345,0.0013869,0.54105,-0.19199,0.0028217,,,,
0,-10345,11172,-0.0036729,0.54105,-0.19199,0.0025196,,,,
0,-10345,12000,-0.0010158,0.54105,-0.19199,0.002251,,,,
0,-9517.2,-12000,0.003227,0.54105,-0.19199,0.0051046,,,,
0,-9517.2,-11172,0.0021902,0.54105,-0.19199,0.0056506,,,,
0,-9517.2,-10345,0.0041696,0.54105,-0.19199,0.0062425,,,,
0,-9517.2,-9517.2,0.0044765,0.54105,-0.19199,0.006875,,,,
0,-9517.2,-8689.7,0.0040126,0.54105,-0.19199,0.0075388,,,,
0,-9517.2,-7862.1,0.016777,0.54105,-0.19199,0.0082188,,,,
0,-9517.2,-7034.5,0.01449,0.54105,-0.19199,0.008894,,,,
0,-9517.2,-6206.9,0.020601,0.54105,-0.19199,0.0095373,,,,
0,-9517.2,-5379.3,0.02188,0.54105,-0.19199,0.010117,,,,
0,-9517.2,-4551.7,0.019689,0.54105,-0.19199,0.010597,,,,
0,-9517.2,-3724.1,0.024723,0.54105,-0.19199,0.010945,,,,
0,-9517.2,-2896.6,0.023217,0.54105,-0.19199,0.011132,,,,
0,-9517.2,-2069,0.023722,0.54105,-0.19199,0.011142,,,,
0,-9517.2,-1241.4,0.016634,0.54105,-0.19199,0.01097,,,,
0,-9517.2,-413.79,0.0056399,0.54105,-0.19199,0.010627,,,,
0,-9517.2,413.79,0.01533,0.54105,-0.19199,0.010137,,,,
0,-9517.2,1241.4,0.010125,0.54105,-0.19199,0.009532,,,,
0,-9517.2,2069,0.010826,0.54105,-0.19199,0.0088486,,,,
0,-9517.2,2896.6,0.0077523,0.54105,-0.19199,0.0081228,,,,
0,-9517.2,3724.1,0.001669,0.54105,-0.19199,0.0073866,,,,
0,-9517.2,4551.7,0.0052019,0.54105,-0.19199,0.0066656,,,,
0,-9517.2,5379.3,0.0050612,0.54105,-0.19199,0.0059785,,,,
0,-9517.2,6206.9,-0.002336,0.54105,-0.19199,0.0053376,,,,
0,-9517.2,7034.5,-0.0050722,0.54105,-0.19199,0.0047496,,,,
0,-9517.2,7862.1,-0.0089184,0.54105,-0.19199,0.004217,,,,
0,-9517.2,8689.7,0.00090803,0.54105,-0.19199,0.0037395,,,,
0,-9517.2,9517.2,0.00055808,0.54105,-0.19199,0.0033143,,,,
0,-9517.2,10345,-0.0040507,0.54105,-0.19199,0.0029378,,,,
0,-9517.2,11172,-0.00098078,0.54105,-0.19199,0.0026057,,,,
0,-9517.2,12000,-0.0017495,0.54105,-0.19199,0.0023134,,,,
0,-8689.7,-12000,-0.0047072,0.54105,-0.19199,0.005466,,,,
0,-8689.7,-11172,0.0030346,0.54105,-0.19199,0.0061011,,,,
0,-8689.7,-10345,0.00091195,0.54105,-0.19199,0.0068,,,,
0,-8689.7,-9517.2,0.0039945,0.54105,-0.19199,0.007559,,,,
0,-8689.7,-8689.7,0.0041842,0.54105,-0.19199,0.0083688,,,,
0,-8689.7,-7862.1,0.0072993,0.54105,-0.19199,0.0092129,,,,
0,-8689.7,-7034.5,0.014351,0.54105,-0.19199,0.010066,,,,
0,-8689.7,-6206.9,0.012282,0.54105,-0.19199,0.010893,,,,
0,-8689.7,-5379.3,0.015744,0.54105,-0.19199,0.01165,,,,
0,-8689.7,-4551.7,0.028868,0.54105,-0.19199,0.012289,,,,
0,-8689.7,-3724.1,0.024842,0.54105,-0.19199,0.01276,,,,
0,-8689.7,-2896.6,0.017717,0.54105,-0.19199,0.01302,,,,
0,-8689.7,-2069,0.0132,0.54105,-0.19199,0.013045,,,,
0,-8689.7,-1241.4,0.017722,0.54105,-0.19199,0.012826,,,,
0,-8689.7,-413.79,0.011178,0.54105,-0.19199,0.012379,,,,
0,-8689.7,413.79,0.010308,0.54105,-0.19199,0.01174,,,,
0,-8689.7,1241.4,0.0060541,0.54105,-0.19199,0.010956,,,,
0,-8689.7,2069,0.015453,0.54105,-0.19199,0.01008,,,,
0,-8689.7,2896.6,0.01429,0.54105,-0.19199,0.0091631,,,,
0,-8689.7,3724.1,0.0060237,0.54105,-0.19199,0.0082467,,,,
0,-8689.7,4551.7,-0.0004114,0.54105,-0.19199,0.0073636,,,,
0,-8689.7,5379.3,0.0010063,0.54105,-0.19199,0.0065357,,,,
0,-8689.7,6206.9,-9.13E-05,0.54105,-0.19199,0.0057759,,,,
0,-8689.7,7034.5,0.0042841,0.54105,-0.19199,0.0050897,,,,
0,-8689.7,7862.1,0.0041481,0.54105,-0.19199,0.0044774,,,,
0,-8689.7,8689.7,-0.0042155,0.54105,-0.19199,0.003936,,,,
0,-8689.7,9517.2,-0.001239,0.54105,-0.19199,0.0034604,,,,
0,-8689.7,10345,-0.0075989,0.54105,-0.19199,0.0030443,,,,
0,-8689.7,11172,-0.0026564,0.54105,-0.19199,0.0026814,,,,
0,-8689.7,12000,-0.0066547,0.54105,-0.19199,0.0023654,,,,
0,-7862.1,-12000,-0.0032629,0.54105,-0.19199,0.0058313,,,,
0,-7862.1,-11172,-0.0026884,0.54105,-0.19199,0.0065665,,,,
0,-7862.1,-10345,0.0025015,0.54105,-0.19199,0.0073887,,,,
0,-7862.1,-9517.2,0.0073097,0.54105,-0.19199,0.0082971,,,,
0,-7862.1,-8689.7,0.01195,0.54105,-0.19199,0.0092841,,,,
0,-7862.1,-7862.1,0.0066045,0.54105,-0.19199,0.010333,,,,
0,-7862.1,-7034.5,0.011486,0.54105,-0.19199,0.011413,,,,
0,-7862.1,-6206.9,0.010943,0.54105,-0.19199,0.012482,,,,
0,-7862.1,-5379.3,0.017881,0.54105,-0.19199,0.013479,,,,
0,-7862.1,-4551.7,0.024711,0.54105,-0.19199,0.014336,,,,
0,-7862.1,-3724.1,0.027153,0.54105,-0.19199,0.01498,,,,
0,-7862.1,-2896.6,0.033527,0.54105,-0.19199,0.015347,,,,
0,-7862.1,-2069,0.027583,0.54105,-0.19199,0.015394,,,,
0,-7862.1,-1241.4,0.022855,0.54105,-0.19199,0.015111,,,,
0,-7862.1,-413.79,0.0099758,0.54105,-0.19199,0.014521,,,,
0,-7862.1,413.79,0.01717,0.54105,-0.19199,0.013676,,,,
0,-7862.1,1241.4,0.013497,0.54105,-0.19199,0.01265,,,,
0,-7862.1,2069,0.012213,0.54105,-0.19199,0.011519,,,,
0,-7862.1,2896.6,0.0047393,0.54105,-0.19199,0.010353,,,,
0,-7862.1,3724.1,0.0042129,0.54105,-0.19199,0.0092086,,,,
0,-7862.1,4551.7,0.0032492,0.54105,-0.19199,0.0081256,,,,
0,-7862.1,5379.3,-0.0092315,0.54105,-0.19199,0.0071289,,,,
0,-7862.1,6206.9,-0.0016069,0.54105,-0.19199,0.0062303,,,,
0,-7862.1,7034.5,0.00073146,0.54105,-0.19199,0.0054325,,,,
0,-7862.1,7862.1,-0.001664,0.54105,-0.19199,0.0047321,,,,
0,-7862.1,8689.7,0.0049302,0.54105,-0.19199,0.0041219,,,,
0,-7862.1,9517.2,0.0013523,0.54105,-0.19199,0.0035932,,,,
0,-7862.1,10345,-0.011028,0.54105,-0.19199,0.0031366,,,,
0,-7862.1,11172,-0.010964,0.54105,-0.19199,0.002743,,,,
0,-7862.1,12000,-0.0068863,0.54105,-0.19199,0.0024038,,,,
0,-7034.5,-12000,-0.0011868,0.54105,-0.19199,0.0061903,,,,
0,-7034.5,-11172,0.0029046,0.54105,-0.19199,0.0070357,,,,
0,-7034.5,-10345,0.004159,0.54105,-0.19199,0.0079971,,,,
0,-7034.5,-9517.2,0.011287,0.54105,-0.19199,0.0090789,,,,
0,-7034.5,-8689.7,0.010947,0.54105,-0.19199,0.010278,,,,
0,-7034.5,-7862.1,0.018709,0.54105,-0.19199,0.011579,,,,
0,-7034.5,-7034.5,0.015433,0.54105,-0.19199,0.012949,,,,
0,-7034.5,-6206.9,0.019362,0.54105,-0.19199,0.014333,,,,
0,-7034.5,-5379.3,0.023564,0.54105,-0.19199,0.015655,,,,
0,-7034.5,-4551.7,0.022687,0.54105,-0.19199,0.016815,,,,
0,-7034.5,-3724.1,0.030264,0.54105,-0.19199,0.017705,,,,
0,-7034.5,-2896.6,0.031163,0.54105,-0.19199,0.018226,,,,
0,-7034.5,-2069,0.026981,0.54105,-0.19199,0.01831,,,,
0,-7034.5,-1241.4,0.022053,0.54105,-0.19199,0.017938,,,,
0,-7034.5,-413.79,0.014407,0.54105,-0.19199,0.017146,,,,
0,-7034.5,413.79,0.020203,0.54105,-0.19199,0.016018,,,,
0,-7034.5,1241.4,0.016638,0.54105,-0.19199,0.014661,,,,
0,-7034.5,2069,0.015824,0.54105,-0.19199,0.01319,,,,
0,-7034.5,2896.6,0.0096134,0.54105,-0.19199,0.011701,,,,
0,-7034.5,3724.1,0.0042328,0.54105,-0.19199,0.010269,,,,
0,-7034.5,4551.7,0.0055188,0.54105,-0.19199,0.0089428,,,,
0,-7034.5,5379.3,-0.0029779,0.54105,-0.19199,0.0077463,,,,
0,-7034.5,6206.9,-0.0095539,0.54105,-0.19199,0.0066887,,,,
0,-7034.5,7034.5,-0.0010865,0.54105,-0.19199,0.0057668,,,,
0,-7034.5,7862.1,-0.00039978,0.54105,-0.19199,0.0049712,,,,
0,-7034.5,8689.7,0.0055836,0.54105,-0.19199,0.004289,,,,
0,-7034.5,9517.2,0.0022514,0.54105,-0.19199,0.0037063,,,,
0,-7034.5,10345,-0.0044411,0.54105,-0.19199,0.0032095,,,,
0,-7034.5,11172,-0.002072,0.54105,-0.19199,0.0027863,,,,
0,-7034.5,12000,-0.0051559,0.54105,-0.19199,0.0024255,,,,
0,-6206.9,-12000,0.002602,0.54105,-0.19199,0.0065297,,,,
0,-6206.9,-11172,0.0079796,0.54105,-0.19199,0.0074926,,,,
0,-6206.9,-10345,0.017496,0.54105,-0.19199,0.0086069,,,,
0,-6206.9,-9517.2,0.016619,0.54105,-0.19199,0.0098854,,,,
0,-6206.9,-8689.7,0.021743,0.54105,-0.19199,0.011333,,,,
0,-6206.9,-7862.1,0.017457,0.54105,-0.19199,0.012939,,,,
0,-6206.9,-7034.5,0.018447,0.54105,-0.19199,0.014671,,,,
0,-6206.9,-6206.9,0.023767,0.54105,-0.19199,0.016467,,,,
0,-6206.9,-5379.3,0.026083,0.54105,-0.19199,0.018223,,,,
0,-6206.9,-4551.7,0.022482,0.54105,-0.19199,0.019802,,,,
0,-6206.9,-3724.1,0.030049,0.54105,-0.19199,0.021042,,,,
0,-6206.9,-2896.6,0.029173,0.54105,-0.19199,0.021788,,,,
0,-6206.9,-2069,0.027024,0.54105,-0.19199,0.02193,,,,
0,-6206.9,-1241.4,0.021412,0.54105,-0.19199,0.021435,,,,
0,-6206.9,-413.79,0.028083,0.54105,-0.19199,0.02036,,,,
0,-6206.9,413.79,0.023456,0.54105,-0.19199,0.018835,,,,
0,-6206.9,1241.4,0.019261,0.54105,-0.19199,0.017028,,,,
0,-6206.9,2069,0.018481,0.54105,-0.19199,0.015105,,,,
0,-6206.9,2896.6,0.010004,0.54105,-0.19199,0.013203,,,,
0,-6206.9,3724.1,0.012872,0.54105,-0.19199,0.011415,,,,
0,-6206.9,4551.7,0.0089052,0.54105,-0.19199,0.0097961,,,,
0,-6206.9,5379.3,0.002627,0.54105,-0.19199,0.0083688,,,,
0,-6206.9,6206.9,0.0029304,0.54105,-0.19199,0.0071335,,,,
0,-6206.9,7034.5,0.0025421,0.54105,-0.19199,0.0060777,,,,
0,-6206.9,7862.1,0.00061296,0.54105,-0.19199,0.0051826,,,,
0,-6206.9,8689.7,0.0014501,0.54105,-0.19199,0.0044275,,,,
0,-6206.9,9517.2,-0.00021084,0.54105,-0.19199,0.0037919,,,,
0,-6206.9,10345,-0.0074073,0.54105,-0.19199,0.0032572,,,,
0,-6206.9,11172,0.0033905,0.54105,-0.19199,0.002807,,,,
0,-6206.9,12000,0.0017639,0.54105,-0.19199,0.0024273,,,,
0,-5379.3,-12000,0.011127,0.54105,-0.19199,0.0068325,,,,
0,-5379.3,-11172,-0.00092264,0.54105,-0.19199,0.0079159,,,,
0,-5379.3,-10345,0.014467,0.54105,-0.19199,0.0091923,,,,
0,-5379.3,-9517.2,0.012666,0.54105,-0.19199,0.010686,,,,
0,-5379.3,-8689.7,0.021748,0.54105,-0.19199,0.012415,,,,
0,-5379.3,-7862.1,0.014099,0.54105,-0.19199,0.014382,,,,
0,-5379.3,-7034.5,0.025159,0.54105,-0.19199,0.016559,,,,
0,-5379.3,-6206.9,0.025372,0.54105,-0.19199,0.018877,,,,
0,-5379.3,-5379.3,0.026455,0.54105,-0.19199,0.021209,,,,
0,-5379.3,-4551.7,0.02371,0.54105,-0.19199,0.023362,,,,
0,-5379.3,-3724.1,0.032556,0.54105,-0.19199,0.025098,,,,
0,-5379.3,-2896.6,0.034669,0.54105,-0.19199,0.026173,,,,
0,-5379.3,-2069,0.029648,0.54105,-0.19199,0.026406,,,,
0,-5379.3,-1241.4,0.037743,0.54105,-0.19199,0.025739,,,,
0,-5379.3,-413.79,0.027222,0.54105,-0.19199,0.024264,,,,
0,-5379.3,413.79,0.022049,0.54105,-0.19199,0.022188,,,,
0,-5379.3,1241.4,0.018182,0.54105,-0.19199,0.019771,,,,
0,-5379.3,2069,0.013426,0.54105,-0.19199,0.017257,,,,
0,-5379.3,2896.6,0.0059664,0.54105,-0.19199,0.014832,,,,
0,-5379.3,3724.1,0.0048279,0.54105,-0.19199,0.012612,,,,
0,-5379.3,4551.7,-0.0012424,0.54105,-0.19199,0.010653,,,,
0,-5379.3,5379.3,0.0046627,0.54105,-0.19199,0.0089671,,,,
0,-5379.3,6206.9,0.00038362,0.54105,-0.19199,0.0075404,,,,
0,-5379.3,7034.5,0.0011742,0.54105,-0.19199,0.0063457,,,,
0,-5379.3,7862.1,0.0004698,0.54105,-0.19199,0.0053514,,,,
0,-5379.3,8689.7,0.0012397,0.54105,-0.19199,0.0045262,,,,
0,-5379.3,9517.2,0.0026041,0.54105,-0.19199,0.0038419,,,,
0,-5379.3,10345,-0.0064152,0.54105,-0.19199,0.0032736,,,,
0,-5379.3,11172,-0.0041737,0.54105,-0.19199,0.0028008,,,,
0,-5379.3,12000,0.0014556,0.54105,-0.19199,0.0024061,,,,
0,-4551.7,-12000,-0.0050054,0.54105,-0.19199,0.007079,,,,
0,-4551.7,-11172,0.010399,0.54105,-0.19199,0.0082794,,,,
0,-4551.7,-10345,0.018916,0.54105,-0.19199,0.0097189,,,,
0,-4551.7,-9517.2,0.0080449,0.54105,-0.19199,0.011438,,,,
0,-4551.7,-8689.7,0.0082626,0.54105,-0.19199,0.013473,,,,
0,-4551.7,-7862.1,0.010425,0.54105,-0.19199,0.015847,,,,
0,-4551.7,-7034.5,0.017118,0.54105,-0.19199,0.018549,,,,
0,-4551.7,-6206.9,0.015733,0.54105,-0.19199,0.021513,,,,
0,-4551.7,-5379.3,0.027852,0.54105,-0.19199,0.024586,,,,
0,-4551.7,-4551.7,0.032643,0.54105,-0.19199,0.027512,,,,
0,-4551.7,-3724.1,0.034734,0.54105,-0.19199,0.029939,,,,
0,-4551.7,-2896.6,0.033275,0.54105,-0.19199,0.031488,,,,
0,-4551.7,-2069,0.040334,0.54105,-0.19199,0.031859,,,,
0,-4551.7,-1241.4,0.027617,0.54105,-0.19199,0.030955,,,,
0,-4551.7,-413.79,0.031622,0.54105,-0.19199,0.028919,,,,
0,-4551.7,413.79,0.020281,0.54105,-0.19199,0.026087,,,,
0,-4551.7,1241.4,0.017405,0.54105,-0.19199,0.02286,,,,
0,-4551.7,2069,0.0093,0.54105,-0.19199,0.01959,,,,
0,-4551.7,2896.6,0.00090384,0.54105,-0.19199,0.016526,,,,
0,-4551.7,3724.1,0.002267,0.54105,-0.19199,0.013802,,,,
0,-4551.7,4551.7,-0.0006234,0.54105,-0.19199,0.011463,,,,
0,-4551.7,5379.3,0.00060213,0.54105,-0.19199,0.0095008,,,,
0,-4551.7,6206.9,0.0057267,0.54105,-0.19199,0.0078785,,,,
0,-4551.7,7034.5,-0.00069169,0.54105,-0.19199,0.0065481,,,,
0,-4551.7,7862.1,0.0023549,0.54105,-0.19199,0.005461,,,,
0,-4551.7,8689.7,0.0059452,0.54105,-0.19199,0.0045735,,,,
0,-4551.7,9517.2,0.0010503,0.54105,-0.19199,0.0038479,,,,
0,-4551.7,10345,0.00019961,0.54105,-0.19199,0.0032531,,,,
0,-4551.7,11172,-0.0018523,0.54105,-0.19199,0.0027636,,,,
0,-4551.7,12000,0.0034985,0.54105,-0.19199,0.0023591,,,,
0,-3724.1,-12000,0.0056575,0.54105,-0.19199,0.0072477,,,,
0,-3724.1,-11172,0.0069095,0.54105,-0.19199,0.0085527,,,,
0,-3724.1,-10345,0.012188,0.54105,-0.19199,0.010144,,,,
0,-3724.1,-9517.2,0.012116,0.54105,-0.19199,0.012083,,,,
0,-3724.1,-8689.7,0.013309,0.54105,-0.19199,0.01443,,,,
0,-3724.1,-7862.1,0.018404,0.54105,-0.19199,0.017237,,,,
0,-3724.1,-7034.5,0.023921,0.54105,-0.19199,0.020526,,,,
0,-3724.1,-6206.9,0.022657,0.54105,-0.19199,0.024247,,,,
0,-3724.1,-5379.3,0.027758,0.54105,-0.19199,0.028235,,,,
0,-3724.1,-4551.7,0.03292,0.54105,-0.19199,0.032158,,,,
0,-3724.1,-3724.1,0.044358,0.54105,-0.19199,0.035516,,,,
0,-3724.1,-2896.6,0.040749,0.54105,-0.19199,0.037725,,,,
0,-3724.1,-2069,0.043603,0.54105,-0.19199,0.0383,,,,
0,-3724.1,-1241.4,0.040053,0.54105,-0.19199,0.037073,,,,
0,-3724.1,-413.79,0.029261,0.54105,-0.19199,0.034274,,,,
0,-3724.1,413.79,0.022522,0.54105,-0.19199,0.030437,,,,
0,-3724.1,1241.4,0.012515,0.54105,-0.19199,0.026173,,,,
0,-3724.1,2069,0.011295,0.54105,-0.19199,0.021981,,,,
0,-3724.1,2896.6,0.0075681,0.54105,-0.19199,0.018174,,,,
0,-3724.1,3724.1,0.0080837,0.54105,-0.19199,0.014892,,,,
0,-3724.1,4551.7,0.0047153,0.54105,-0.19199,0.012155,,,,
0,-3724.1,5379.3,-0.0014393,0.54105,-0.19199,0.0099185,,,,
0,-3724.1,6206.9,0.0040515,0.54105,-0.19199,0.0081115,,,,
0,-3724.1,7034.5,0.0065999,0.54105,-0.19199,0.0066596,,,,
0,-3724.1,7862.1,0.0055803,0.54105,-0.19199,0.0054943,,,,
0,-3724.1,8689.7,0.0020932,0.54105,-0.19199,0.0045577,,,,
0,-3724.1,9517.2,0.011317,0.54105,-0.19199,0.0038024,,,,
0,-3724.1,10345,0.0026865,0.54105,-0.19199,0.0031905,,,,
0,-3724.1,11172,0.0034714,0.54105,-0.19199,0.0026923,,,,
0,-3724.1,12000,0.005639,0.54105,-0.19199,0.0022843,,,,
0,-2896.6,-12000,0.0069057,0.54105,-0.19199,0.0073173,,,,
0,-2896.6,-11172,0.0036158,0.54105,-0.19199,0.0087045,,,,
0,-2896.6,-10345,0.011127,0.54105,-0.19199,0.010423,,,,
0,-2896.6,-9517.2,0.0048535,0.54105,-0.19199,0.012553,,,,
0,-2896.6,-8689.7,0.019373,0.54105,-0.19199,0.015187,,,,
0,-2896.6,-7862.1,0.023581,0.54105,-0.19199,0.018416,,,,
0,-2896.6,-7034.5,0.025548,0.54105,-0.19199,0.022306,,,,
0,-2896.6,-6206.9,0.027043,0.54105,-0.19199,0.026847,,,,
0,-2896.6,-5379.3,0.031519,0.54105,-0.19199,0.031878,,,,
0,-2896.6,-4551.7,0.036691,0.54105,-0.19199,0.037002,,,,
0,-2896.6,-3724.1,0.047135,0.54105,-0.19199,0.041536,,,,
0,-2896.6,-2896.6,0.041114,0.54105,-0.19199,0.044611,,,,
0,-2896.6,-2069,0.052541,0.54105,-0.19199,0.045467,,,,
0,-2896.6,-1241.4,0.046453,0.54105,-0.19199,0.043821,,,,
0,-2896.6,-413.79,0.036259,0.54105,-0.19199,0.040039,,,,
0,-2896.6,413.79,0.026821,0.54105,-0.19199,0.034946,,,,
0,-2896.6,1241.4,0.021735,0.54105,-0.19199,0.029441,,,,
0,-2896.6,2069,0.014696,0.54105,-0.19199,0.024204,,,,
0,-2896.6,2896.6,0.013582,0.54105,-0.19199,0.019603,,,,
0,-2896.6,3724.1,0.011201,0.54105,-0.19199,0.015759,,,,
0,-2896.6,4551.7,0.0014464,0.54105,-0.19199,0.012644,,,,
0,-2896.6,5379.3,0.0046005,0.54105,-0.19199,0.010162,,,,
0,-2896.6,6206.9,-0.0012156,0.54105,-0.19199,0.0082009,,,,
0,-2896.6,7034.5,-0.0022834,0.54105,-0.19199,0.0066554,,,,
0,-2896.6,7862.1,-0.0050055,0.54105,-0.19199,0.0054355,,,,
0,-2896.6,8689.7,-0.0013591,0.54105,-0.19199,0.004469,,,,
0,-2896.6,9517.2,0.0055934,0.54105,-0.19199,0.0036992,,,,
0,-2896.6,10345,0.0057849,0.54105,-0.19199,0.0030823,,,,
0,-2896.6,11172,0.0022403,0.54105,-0.19199,0.0025847,,,,
0,-2896.6,12000,0.0072587,0.54105,-0.19199,0.0021807,,,,
0,-2069,-12000,0.01206,0.54105,-0.19199,0.0072698,,,,
0,-2069,-11172,0.0087028,0.54105,-0.19199,0.0087057,,,,
0,-2069,-10345,0.0016355,0.54105,-0.19199,0.010508,,,,
0,-2069,-9517.2,0.0057917,0.54105,-0.19199,0.012777,,,,
0,-2069,-8689.7,0.011893,0.54105,-0.19199,0.015636,,,,
0,-2069,-7862.1,0.019311,0.54105,-0.19199,0.019217,,,,
0,-2069,-7034.5,0.023903,0.54105,-0.19199,0.023642,,,,
0,-2069,-6206.9,0.024526,0.54105,-0.19199,0.028959,,,,
0,-2069,-5379.3,0.035212,0.54105,-0.19199,0.035043,,,,
0,-2069,-4551.7,0.039007,0.54105,-0.19199,0.041448,,,,
0,-2069,-3724.1,0.052257,0.54105,-0.19199,0.047304,,,,
0,-2069,-2896.6,0.060281,0.54105,-0.19199,0.051395,,,,
0,-2069,-2069,0.054199,0.54105,-0.19199,0.052591,,,,
0,-2069,-1241.4,0.059682,0.54105,-0.19199,0.050453,,,,
0,-2069,-413.79,0.040489,0.54105,-0.19199,0.045528,,,,
0,-2069,413.79,0.036818,0.54105,-0.19199,0.03903,,,,
0,-2069,1241.4,0.023811,0.54105,-0.19199,0.032209,,,,
0,-2069,2069,0.015307,0.54105,-0.19199,0.025928,,,,
0,-2069,2896.6,0.013005,0.54105,-0.19199,0.020585,,,,
0,-2069,3724.1,0.010291,0.54105,-0.19199,0.016252,,,,
0,-2069,4551.7,0.010796,0.54105,-0.19199,0.012834,,,,
0,-2069,5379.3,0.004623,0.54105,-0.19199,0.010173,,,,
0,-2069,6206.9,-0.00090998,0.54105,-0.19199,0.0081119,,,,
0,-2069,7034.5,0.00075874,0.54105,-0.19199,0.006515,,,,
0,-2069,7862.1,-0.0059075,0.54105,-0.19199,0.0052729,,,,
0,-2069,8689.7,0.0063932,0.54105,-0.19199,0.0043009,,,,
0,-2069,9517.2,0.0016498,0.54105,-0.19199,0.0035351,,,,
0,-2069,10345,0.0039372,0.54105,-0.19199,0.002927,,,,
0,-2069,11172,0.0051228,0.54105,-0.19199,0.0024406,,,,
0,-2069,12000,0.0082672,0.54105,-0.19199,0.0020484,,,,
0,-1241.4,-12000,0.010631,0.54105,-0.19199,0.007093,,,,
0,-1241.4,-11172,0.0042832,0.54105,-0.19199,0.0085357,,,,
0,-1241.4,-10345,0.0084669,0.54105,-0.19199,0.010364,,,,
0,-1241.4,-9517.2,0.009318,0.54105,-0.19199,0.012695,,,,
0,-1241.4,-8689.7,0.013691,0.54105,-0.19199,0.015673,,,,
0,-1241.4,-7862.1,0.016301,0.54105,-0.19199,0.01947,,,,
0,-1241.4,-7034.5,0.021177,0.54105,-0.19199,0.024258,,,,
0,-1241.4,-6206.9,0.027726,0.54105,-0.19199,0.030152,,,,
0,-1241.4,-5379.3,0.043825,0.54105,-0.19199,0.03708,,,,
0,-1241.4,-4551.7,0.048487,0.54105,-0.19199,0.044588,,,,
0,-1241.4,-3724.1,0.059096,0.54105,-0.19199,0.051648,,,,
0,-1241.4,-2896.6,0.063645,0.54105,-0.19199,0.056705,,,,
0,-1241.4,-2069,0.063653,0.54105,-0.19199,0.058231,,,,
0,-1241.4,-1241.4,0.060859,0.54105,-0.19199,0.055609,,,,
0,-1241.4,-413.79,0.046492,0.54105,-0.19199,0.04959,,,,
0,-1241.4,413.79,0.039724,0.54105,-0.19199,0.041808,,,,
0,-1241.4,1241.4,0.029729,0.54105,-0.19199,0.033861,,,,
0,-1241.4,2069,0.021894,0.54105,-0.19199,0.026752,,,,
0,-1241.4,2896.6,0.01359,0.54105,-0.19199,0.020874,,,,
0,-1241.4,3724.1,0.01004,0.54105,-0.19199,0.016229,,,,
0,-1241.4,4551.7,0.0098379,0.54105,-0.19199,0.012644,,,,
0,-1241.4,5379.3,0.00063497,0.54105,-0.19199,0.0099065,,,,
0,-1241.4,6206.9,-0.0027453,0.54105,-0.19199,0.0078207,,,,
0,-1241.4,7034.5,-0.002998,0.54105,-0.19199,0.0062266,,,,
0,-1241.4,7862.1,-0.0022621,0.54105,-0.19199,0.0050011,,,,
0,-1241.4,8689.7,0.0040878,0.54105,-0.19199,0.0040518,,,,
0,-1241.4,9517.2,0.0014022,0.54105,-0.19199,0.0033102,,,,
0,-1241.4,10345,0.0011544,0.54105,-0.19199,0.0027258,,,,
0,-1241.4,11172,0.0080988,0.54105,-0.19199,0.0022613,,,,
0,-1241.4,12000,0.0084002,0.54105,-0.19199,0.001889,,,,
0,-413.79,-12000,0.012188,0.54105,-0.19199,0.0067843,,,,
0,-413.79,-11172,0.0089557,0.54105,-0.19199,0.0081865,,,,
0,-413.79,-10345,0.010307,0.54105,-0.19199,0.0099745,,,,
0,-413.79,-9517.2,0.007527,0.54105,-0.19199,0.012271,,,,
0,-413.79,-8689.7,0.015679,0.54105,-0.19199,0.015231,,,,
0,-413.79,-7862.1,0.020377,0.54105,-0.19199,0.019048,,,,
0,-413.79,-7034.5,0.025718,0.54105,-0.19199,0.023927,,,,
0,-413.79,-6206.9,0.028033,0.54105,-0.19199,0.030029,,,,
0,-413.79,-5379.3,0.044725,0.54105,-0.19199,0.037333,,,,
0,-413.79,-4551.7,0.050193,0.54105,-0.19199,0.045407,,,,
0,-413.79,-3724.1,0.061122,0.54105,-0.19199,0.053146,,,,
0,-413.79,-2896.6,0.066096,0.54105,-0.19199,0.058778,,,,
0,-413.79,-2069,0.065222,0.54105,-0.19199,0.060491,,,,
0,-413.79,-1241.4,0.058702,0.54105,-0.19199,0.057539,,,,
0,-413.79,-413.79,0.059977,0.54105,-0.19199,0.050834,,,,
0,-413.79,413.79,0.034698,0.54105,-0.19199,0.042311,,,,
0,-413.79,1241.4,0.036134,0.54105,-0.19199,0.033786,,,,
0,-413.79,2069,0.021823,0.54105,-0.19199,0.026325,,,,
0,-413.79,2896.6,0.0097937,0.54105,-0.19199,0.020282,,,,
0,-413.79,3724.1,0.017399,0.54105,-0.19199,0.015591,,,,
0,-413.79,4551.7,0.0088984,0.54105,-0.19199,0.012028,,,,
0,-413.79,5379.3,0.00017253,0.54105,-0.19199,0.009344,,,,
0,-413.79,6206.9,-0.002078,0.54105,-0.19199,0.0073216,,,,
0,-413.79,7034.5,-0.0048747,0.54105,-0.19199,0.0057909,,,,
0,-413.79,7862.1,-0.0017391,0.54105,-0.19199,0.0046236,,,,
0,-413.79,8689.7,0.0019264,0.54105,-0.19199,0.0037258,,,,
0,-413.79,9517.2,0.0029965,0.54105,-0.19199,0.0030288,,,,
0,-413.79,10345,0.0044765,0.54105,-0.19199,0.0024825,,,,
0,-413.79,11172,0.013543,0.54105,-0.19199,0.0020504,,,,
0,-413.79,12000,0.001056,0.54105,-0.19199,0.0017055,,,,
0,413.79,-12000,0.0061896,0.54105,-0.19199,0.0063515,,,,
0,413.79,-11172,0.011298,0.54105,-0.19199,0.0076666,,,,
0,413.79,-10345,0.0096687,0.54105,-0.19199,0.0093463,,,,
0,413.79,-9517.2,0.0092497,0.54105,-0.19199,0.011508,,,,
0,413.79,-8689.7,0.01117,0.54105,-0.19199,0.014303,,,,
0,413.79,-7862.1,0.015527,0.54105,-0.19199,0.01792,,,,
0,413.79,-7034.5,0.023272,0.54105,-0.19199,0.022563,,,,
0,413.79,-6206.9,0.035147,0.54105,-0.19199,0.0284,,,,
0,413.79,-5379.3,0.042895,0.54105,-0.19199,0.035432,,,,
0,413.79,-4551.7,0.051093,0.54105,-0.19199,0.043255,,,,
0,413.79,-3724.1,0.049873,0.54105,-0.19199,0.050797,,,,
0,413.79,-2896.6,0.058906,0.54105,-0.19199,0.056296,,,,
0,413.79,-2069,0.066526,0.54105,-0.19199,0.057928,,,,
0,413.79,-1241.4,0.060397,0.54105,-0.19199,0.05495,,,,
0,413.79,-413.79,0.044548,0.54105,-0.19199,0.048301,,,,
0,413.79,413.79,0.037193,0.54105,-0.19199,0.039942,,,,
0,413.79,1241.4,0.021531,0.54105,-0.19199,0.03167,,,,
0,413.79,2069,0.023402,0.54105,-0.19199,0.024506,,,,
0,413.79,2896.6,0.017787,0.54105,-0.19199,0.018758,,,,
0,413.79,3724.1,0.018244,0.54105,-0.19199,0.014335,,,,
0,413.79,4551.7,0.0070558,0.54105,-0.19199,0.011,,,,
0,413.79,5379.3,0.0068081,0.54105,-0.19199,0.0085033,,,,
0,413.79,6206.9,0.004663,0.54105,-0.19199,0.0066325,,,,
0,413.79,7034.5,-0.0066089,0.54105,-0.19199,0.0052234,,,,
0,413.79,7862.1,0.001938,0.54105,-0.19199,0.0041535,,,,
0,413.79,8689.7,0.0098901,0.54105,-0.19199,0.0033337,,,,
0,413.79,9517.2,0.0035962,0.54105,-0.19199,0.0026994,,,,
0,413.79,10345,0.0029514,0.54105,-0.19199,0.002204,,,,
0,413.79,11172,-0.0019005,0.54105,-0.19199,0.0018132,,,,
0,413.79,12000,-0.00052516,0.54105,-0.19199,0.0015023,,,,
0,1241.4,-12000,0.0055849,0.54105,-0.19199,0.0058134,,,,
0,1241.4,-11172,0.014553,0.54105,-0.19199,0.0070011,,,,
0,1241.4,-10345,0.0077519,0.54105,-0.19199,0.0085136,,,,
0,1241.4,-9517.2,0.0029852,0.54105,-0.19199,0.010453,,,,
0,1241.4,-8689.7,0.014727,0.54105,-0.19199,0.012952,,,,
0,1241.4,-7862.1,0.019959,0.54105,-0.19199,0.016169,,,,
0,1241.4,-7034.5,0.02522,0.54105,-0.19199,0.020277,,,,
0,1241.4,-6206.9,0.03536,0.54105,-0.19199,0.025409,,,,
0,1241.4,-5379.3,0.031586,0.54105,-0.19199,0.031545,,,,
0,1241.4,-4551.7,0.040947,0.54105,-0.19199,0.038311,,,,
0,1241.4,-3724.1,0.045317,0.54105,-0.19199,0.044765,,,,
0,1241.4,-2896.6,0.058605,0.54105,-0.19199,0.049399,,,,
0,1241.4,-2069,0.051613,0.54105,-0.19199,0.050682,,,,
0,1241.4,-1241.4,0.047744,0.54105,-0.19199,0.048012,,,,
0,1241.4,-413.79,0.04411,0.54105,-0.19199,0.042206,,,,
0,1241.4,413.79,0.031677,0.54105,-0.19199,0.034932,,,,
0,1241.4,1241.4,0.020113,0.54105,-0.19199,0.027729,,,,
0,1241.4,2069,0.020184,0.54105,-0.19199,0.021475,,,,
0,1241.4,2896.6,0.015918,0.54105,-0.19199,0.016445,,,,
0,1241.4,3724.1,0.0059054,0.54105,-0.19199,0.012566,,,,
0,1241.4,4551.7,-0.00026429,0.54105,-0.19199,0.0096357,,,,
0,1241.4,5379.3,-0.00047158,0.54105,-0.19199,0.0074399,,,,
0,1241.4,6206.9,-0.0069912,0.54105,-0.19199,0.0057937,,,,
0,1241.4,7034.5,0.0039394,0.54105,-0.19199,0.0045536,,,,
0,1241.4,7862.1,0.0040677,0.54105,-0.19199,0.0036122,,,,
0,1241.4,8689.7,0.0024672,0.54105,-0.19199,0.0028914,,,,
0,1241.4,9517.2,-0.0018984,0.54105,-0.19199,0.0023342,,,,
0,1241.4,10345,0.0039425,0.54105,-0.19199,0.0018993,,,,
0,1241.4,11172,-0.005609,0.54105,-0.19199,0.0015569,,,,
0,1241.4,12000,-0.00046191,0.54105,-0.19199,0.0012847,,,,
0,2069,-12000,0.0041246,0.54105,-0.19199,0.0051972,,,,
0,2069,-11172,0.015267,0.54105,-0.19199,0.0062288,,,,
0,2069,-10345,0.011882,0.54105,-0.19199,0.0075326,,,,
0,2069,-9517.2,0.0080425,0.54105,-0.19199,0.0091896,,,,
0,2069,-8689.7,0.014206,0.54105,-0.19199,0.011301,,,,
0,2069,-7862.1,0.01692,0.54105,-0.19199,0.013987,,,,
0,2069,-7034.5,0.015324,0.54105,-0.19199,0.017364,,,,
0,2069,-6206.9,0.023884,0.54105,-0.19199,0.021509,,,,
0,2069,-5379.3,0.024673,0.54105,-0.19199,0.026363,,,,
0,2069,-4551.7,0.033393,0.54105,-0.19199,0.031592,,,,
0,2069,-3724.1,0.041092,0.54105,-0.19199,0.036449,,,,
0,2069,-2896.6,0.04181,0.54105,-0.19199,0.039819,,,,
0,2069,-2069,0.042705,0.54105,-0.19199,0.040625,,,,
0,2069,-1241.4,0.039327,0.54105,-0.19199,0.038476,,,,
0,2069,-413.79,0.032124,0.54105,-0.19199,0.033973,,,,
0,2069,413.79,0.024401,0.54105,-0.19199,0.028326,,,,
0,2069,1241.4,0.016731,0.54105,-0.19199,0.022672,,,,
0,2069,2069,0.020379,0.54105,-0.19199,0.017697,,,,
0,2069,2896.6,0.015966,0.54105,-0.19199,0.013641,,,,
0,2069,3724.1,0.004806,0.54105,-0.19199,0.010476,,,,
0,2069,4551.7,0.0015104,0.54105,-0.19199,0.0080617,,,,
0,2069,5379.3,-0.0085618,0.54105,-0.19199,0.0062378,,,,
0,2069,6206.9,-0.0094196,0.54105,-0.19199,0.004862,,,,
0,2069,7034.5,-0.00094927,0.54105,-0.19199,0.0038206,,,,
0,2069,7862.1,-0.010949,0.54105,-0.19199,0.0030275,,,,
0,2069,8689.7,0.0019629,0.54105,-0.19199,0.0024187,,,,
0,2069,9517.2,0.0020252,0.54105,-0.19199,0.0019473,,,,
0,2069,10345,-0.000921,0.54105,-0.19199,0.0015792,,,,
0,2069,11172,-0.00028167,0.54105,-0.19199,0.0012893,,,,
0,2069,12000,-0.0024931,0.54105,-0.19199,0.001059,,,,
0,2896.6,-12000,0.0065293,0.54105,-0.19199,0.004535,,,,
0,2896.6,-11172,0.01061,0.54105,-0.19199,0.0053959,,,,
0,2896.6,-10345,0.013493,0.54105,-0.19199,0.006471,,,,
0,2896.6,-9517.2,0.0029791,0.54105,-0.19199,0.0078182,,,,
0,2896.6,-8689.7,0.0074406,0.54105,-0.19199,0.0095067,,,,
0,2896.6,-7862.1,0.016838,0.54105,-0.19199,0.011612,,,,
0,2896.6,-7034.5,0.017475,0.54105,-0.19199,0.014198,,,,
0,2896.6,-6206.9,0.023202,0.54105,-0.19199,0.017287,,,,
0,2896.6,-5379.3,0.023516,0.54105,-0.19199,0.020792,,,,
0,2896.6,-4551.7,0.024243,0.54105,-0.19199,0.024436,,,,
0,2896.6,-3724.1,0.040772,0.54105,-0.19199,0.027688,,,,
0,2896.6,-2896.6,0.044931,0.54105,-0.19199,0.029824,,,,
0,2896.6,-2069,0.038891,0.54105,-0.19199,0.030197,,,,
0,2896.6,-1241.4,0.034871,0.54105,-0.19199,0.0286,,,,
0,2896.6,-413.79,0.030837,0.54105,-0.19199,0.025425,,,,
0,2896.6,413.79,0.029723,0.54105,-0.19199,0.021438,,,,
0,2896.6,1241.4,0.017646,0.54105,-0.19199,0.017382,,,,
0,2896.6,2069,0.0088709,0.54105,-0.19199,0.013738,,,,
0,2896.6,2896.6,0.0069496,0.54105,-0.19199,0.010705,,,,
0,2896.6,3724.1,0.0032738,0.54105,-0.19199,0.0082931,,,,
0,2896.6,4551.7,-0.0081191,0.54105,-0.19199,0.0064232,,,,
0,2896.6,5379.3,-0.0033984,0.54105,-0.19199,0.0049917,,,,
0,2896.6,6206.9,-0.0085975,0.54105,-0.19199,0.0039004,,,,
0,2896.6,7034.5,-0.0046771,0.54105,-0.19199,0.0030675,,,,
0,2896.6,7862.1,-0.0044653,0.54105,-0.19199,0.002429,,,,
0,2896.6,8689.7,0.0013649,0.54105,-0.19199,0.0019366,,,,
0,2896.6,9517.2,0.00090063,0.54105,-0.19199,0.0015542,,,,
0,2896.6,10345,-0.00072992,0.54105,-0.19199,0.0012549,,,,
0,2896.6,11172,0.00085365,0.54105,-0.19199,0.0010188,,,,
0,2896.6,12000,0.0060249,0.54105,-0.19199,0.00083126,,,,
0,3724.1,-12000,0.00053757,0.54105,-0.19199,0.0038595,,,,
0,3724.1,-11172,0.011415,0.54105,-0.19199,0.004549,,,,
0,3724.1,-10345,0.012616,0.54105,-0.19199,0.0053963,,,,
0,3724.1,-9517.2,0.0077026,0.54105,-0.19199,0.0064386,,,,
0,3724.1,-8689.7,0.0080656,0.54105,-0.19199,0.0077167,,,,
0,3724.1,-7862.1,0.016985,0.54105,-0.19199,0.0092697,,,,
0,3724.1,-7034.5,0.01248,0.54105,-0.19199,0.011122,,,,
0,3724.1,-6206.9,0.022518,0.54105,-0.19199,0.013258,,,,
0,3724.1,-5379.3,0.019072,0.54105,-0.19199,0.015588,,,,
0,3724.1,-4551.7,0.019308,0.54105,-0.19199,0.017905,,,,
0,3724.1,-3724.1,0.025254,0.54105,-0.19199,0.019866,,,,
0,3724.1,-2896.6,0.0367,0.54105,-0.19199,0.021054,,,,
0,3724.1,-2069,0.022391,0.54105,-0.19199,0.021126,,,,
0,3724.1,-1241.4,0.01677,0.54105,-0.19199,0.019995,,,,
0,3724.1,-413.79,0.018519,0.54105,-0.19199,0.017897,,,,
0,3724.1,413.79,0.010343,0.54105,-0.19199,0.015272,,,,
0,3724.1,1241.4,0.010675,0.54105,-0.19199,0.01256,,,,
0,3724.1,2069,0.0084168,0.54105,-0.19199,0.010068,,,,
0,3724.1,2896.6,-0.0037021,0.54105,-0.19199,0.0079437,,,,
0,3724.1,3724.1,-0.012251,0.54105,-0.19199,0.0062163,,,,
0,3724.1,4551.7,-0.0084284,0.54105,-0.19199,0.0048508,,,,
0,3724.1,5379.3,-0.0045388,0.54105,-0.19199,0.0037882,,,,
0,3724.1,6206.9,-0.0095842,0.54105,-0.19199,0.0029672,,,,
0,3724.1,7034.5,-0.0082604,0.54105,-0.19199,0.002334,,,,
0,3724.1,7862.1,-0.001296,0.54105,-0.19199,0.0018447,,,,
0,3724.1,8689.7,-0.0055138,0.54105,-0.19199,0.0014652,,,,
0,3724.1,9517.2,-0.0041859,0.54105,-0.19199,0.0011691,,,,
0,3724.1,10345,-0.0022511,0.54105,-0.19199,0.00093681,,,,
0,3724.1,11172,-0.00099465,0.54105,-0.19199,0.0007534,,,,
0,3724.1,12000,-0.0011481,0.54105,-0.19199,0.00060768,,,,
0,4551.7,-12000,-0.00016249,0.54105,-0.19199,0.0031999,,,,
0,4551.7,-11172,0.0097248,0.54105,-0.19199,0.0037286,,,,
0,4551.7,-10345,0.0083843,0.54105,-0.19199,0.0043659,,,,
0,4551.7,-9517.2,0.015495,0.54105,-0.19199,0.0051324,,,,
0,4551.7,-8689.7,0.010143,0.54105,-0.19199,0.006048,,,,
0,4551.7,-7862.1,0.012433,0.54105,-0.19199,0.0071272,,,,
0,4551.7,-7034.5,0.013968,0.54105,-0.19199,0.0083698,,,,
0,4551.7,-6206.9,0.015732,0.54105,-0.19199,0.0097465,,,,
0,4551.7,-5379.3,0.011077,0.54105,-0.19199,0.01118,,,,
0,4551.7,-4551.7,0.0089177,0.54105,-0.19199,0.012532,,,,
0,4551.7,-3724.1,0.023247,0.54105,-0.19199,0.0136,,,,
0,4551.7,-2896.6,0.017931,0.54105,-0.19199,0.014166,,,,
0,4551.7,-2069,0.018348,0.54105,-0.19199,0.014068,,,,
0,4551.7,-1241.4,0.012701,0.54105,-0.19199,0.013283,,,,
0,4551.7,-413.79,0.0068918,0.54105,-0.19199,0.011946,,,,
0,4551.7,413.79,0.00032384,0.54105,-0.19199,0.010294,,,,
0,4551.7,1241.4,0.010367,0.54105,-0.19199,0.0085706,,,,
0,4551.7,2069,0.0049785,0.54105,-0.19199,0.0069567,,,,
0,4551.7,2896.6,-0.0064189,0.54105,-0.19199,0.0055499,,,,
0,4551.7,3724.1,-0.0053475,0.54105,-0.19199,0.0043806,,,,
0,4551.7,4551.7,-0.0049264,0.54105,-0.19199,0.003438,,,,
0,4551.7,5379.3,-0.0065983,0.54105,-0.19199,0.0026921,,,,
0,4551.7,6206.9,-0.0081462,0.54105,-0.19199,0.0021079,,,,
0,4551.7,7034.5,0.0010541,0.54105,-0.19199,0.0016525,,,,
0,4551.7,7862.1,-0.005832,0.54105,-0.19199,0.0012978,,,,
0,4551.7,8689.7,0.0036495,0.54105,-0.19199,0.001021,,,,
0,4551.7,9517.2,-0.0010877,0.54105,-0.19199,0.00080449,,,,
0,4551.7,10345,-0.0075168,0.54105,-0.19199,0.00063435,,,,
0,4551.7,11172,-0.004718,0.54105,-0.19199,0.00050006,,,,
0,4551.7,12000,0.0022239,0.54105,-0.19199,0.00039357,,,,
0,5379.3,-12000,0.0082226,0.54105,-0.19199,0.0025793,,,,
0,5379.3,-11172,0.013072,0.54105,-0.19199,0.0029659,,,,
0,5379.3,-10345,0.018626,0.54105,-0.19199,0.0034213,,,,
0,5379.3,-9517.2,0.012654,0.54105,-0.19199,0.0039547,,,,
0,5379.3,-8689.7,0.0085102,0.54105,-0.19199,0.004573,,,,
0,5379.3,-7862.1,0.017012,0.54105,-0.19199,0.0052767,,,,
0,5379.3,-7034.5,0.014078,0.54105,-0.19199,0.0060551,,,,
0,5379.3,-6206.9,0.012668,0.54105,-0.19199,0.0068785,,,,
0,5379.3,-5379.3,0.0099212,0.54105,-0.19199,0.0076908,,,,
0,5379.3,-4551.7,0.0074593,0.54105,-0.19199,0.0084065,,,,
0,5379.3,-3724.1,0.009993,0.54105,-0.19199,0.008918,,,,
0,5379.3,-2896.6,0.012962,0.54105,-0.19199,0.0091202,,,,
0,5379.3,-2069,0.01242,0.54105,-0.19199,0.0089466,,,,
0,5379.3,-1241.4,0.0068615,0.54105,-0.19199,0.0084003,,,,
0,5379.3,-413.79,0.0073084,0.54105,-0.19199,0.0075587,,,,
0,5379.3,413.79,0.0020279,0.54105,-0.19199,0.0065457,,,,
0,5379.3,1241.4,-0.007097,0.54105,-0.19199,0.0054889,,,,
0,5379.3,2069,-0.0042335,0.54105,-0.19199,0.0044876,,,,
0,5379.3,2896.6,-0.0092791,0.54105,-0.19199,0.0036003,,,,
0,5379.3,3724.1,-0.0018278,0.54105,-0.19199,0.0028499,,,,
0,5379.3,4551.7,0.002127,0.54105,-0.19199,0.0022351,,,,
0,5379.3,5379.3,-0.004667,0.54105,-0.19199,0.0017419,,,,
0,5379.3,6206.9,-0.00076485,0.54105,-0.19199,0.0013514,,,,
0,5379.3,7034.5,-0.0082827,0.54105,-0.19199,0.0010446,,,,
0,5379.3,7862.1,-0.0037975,0.54105,-0.19199,0.00080443,,,,
0,5379.3,8689.7,-0.0014833,0.54105,-0.19199,0.00061666,,,,
0,5379.3,9517.2,-0.00018953,0.54105,-0.19199,0.00046978,,,,
0,5379.3,10345,0.0023676,0.54105,-0.19199,0.00035472,,,,
0,5379.3,11172,0.0021511,0.54105,-0.19199,0.0002644,,,,
0,5379.3,12000,0.0064217,0.54105,-0.19199,0.00019334,,,,
0,6206.9,-12000,0.007224,0.54105,-0.19199,0.0020137,,,,
0,6206.9,-11172,0.010549,0.54105,-0.19199,0.0022806,,,,
0,6206.9,-10345,0.011963,0.54105,-0.19199,0.0025866,,,,
0,6206.9,-9517.2,0.01137,0.54105,-0.19199,0.0029342,,,,
0,6206.9,-8689.7,0.0055877,0.54105,-0.19199,0.0033228,,,,
0,6206.9,-7862.1,0.0075449,0.54105,-0.19199,0.0037475,,,,
0,6206.9,-7034.5,0.011848,0.54105,-0.19199,0.0041951,,,,
0,6206.9,-6206.9,0.0035258,0.54105,-0.19199,0.0046424,,,,
0,6206.9,-5379.3,0.009166,0.54105,-0.19199,0.0050531,,,,
0,6206.9,-4551.7,0.007391,0.54105,-0.19199,0.0053797,,,,
0,6206.9,-3724.1,0.0035826,0.54105,-0.19199,0.0055697,,,,
0,6206.9,-2896.6,0.0093523,0.54105,-0.19199,0.0055783,,,,
0,6206.9,-2069,0.0072742,0.54105,-0.19199,0.0053837,,,,
0,6206.9,-1241.4,-0.00068296,0.54105,-0.19199,0.004998,,,,
0,6206.9,-413.79,0.0051719,0.54105,-0.19199,0.0044661,,,,
0,6206.9,413.79,8.34E-05,0.54105,-0.19199,0.0038516,,,,
0,6206.9,1241.4,-0.0053733,0.54105,-0.19199,0.0032193,,,,
0,6206.9,2069,-0.0027475,0.54105,-0.19199,0.0026204,,,,
0,6206.9,2896.6,-0.0058919,0.54105,-0.19199,0.0020864,,,,
0,6206.9,3724.1,-0.0078581,0.54105,-0.19199,0.0016311,,,,
0,6206.9,4551.7,-0.010171,0.54105,-0.19199,0.0012552,,,,
0,6206.9,5379.3,-0.0039206,0.54105,-0.19199,0.00095191,,,,
0,6206.9,6206.9,-0.0014057,0.54105,-0.19199,0.000711,,,,
0,6206.9,7034.5,0.0025962,0.54105,-0.19199,0.00052176,,,,
0,6206.9,7862.1,-8.71E-05,0.54105,-0.19199,0.00037419,,,,
0,6206.9,8689.7,-0.0017695,0.54105,-0.19199,0.0002597,,,,
0,6206.9,9517.2,0.002375,0.54105,-0.19199,0.00017118,,,,
0,6206.9,10345,0.0076472,0.54105,-0.19199,0.00010293,,,,
0,6206.9,11172,0.0069827,0.54105,-0.19199,5.05E-05,,,,
0,6206.9,12000,0.00015817,0.54105,-0.19199,1.02E-05,,,,
0,7034.5,-12000,0.0076371,0.54105,-0.19199,0.001512,,,,
0,7034.5,-11172,0.01172,0.54105,-0.19199,0.0016825,,,,
0,7034.5,-10345,0.0098921,0.54105,-0.19199,0.0018713,,,,
0,7034.5,-9517.2,0.015266,0.54105,-0.19199,0.0020775,,,,
0,7034.5,-8689.7,0.0015393,0.54105,-0.19199,0.0022977,,,,
0,7034.5,-7862.1,0.0076555,0.54105,-0.19199,0.0025255,,,,
0,7034.5,-7034.5,0.0098998,0.54105,-0.19199,0.0027499,,,,
0,7034.5,-6206.9,0.0083447,0.54105,-0.19199,0.0029553,,,,
0,7034.5,-5379.3,0.0052967,0.54105,-0.19199,0.0031208,,,,
0,7034.5,-4551.7,0.0058317,0.54105,-0.19199,0.0032229,,,,
0,7034.5,-3724.1,0.0041554,0.54105,-0.19199,0.0032392,,,,
0,7034.5,-2896.6,0.0048883,0.54105,-0.19199,0.0031545,,,,
0,7034.5,-2069,0.0018,0.54105,-0.19199,0.0029666,,,,
0,7034.5,-1241.4,-0.0054707,0.54105,-0.19199,0.0026885,,,,
0,7034.5,-413.79,-0.0022534,0.54105,-0.19199,0.0023469,,,,
0,7034.5,413.79,-0.00044286,0.54105,-0.19199,0.0019746,,,,
0,7034.5,1241.4,-0.0028156,0.54105,-0.19199,0.0016035,,,,
0,7034.5,2069,-0.0083957,0.54105,-0.19199,0.0012582,,,,
0,7034.5,2896.6,-0.010581,0.54105,-0.19199,0.00095374,,,,
0,7034.5,3724.1,-0.00010312,0.54105,-0.19199,0.00069639,,,,
0,7034.5,4551.7,-0.002539,0.54105,-0.19199,0.00048588,,,,
0,7034.5,5379.3,0.0015678,0.54105,-0.19199,0.00031808,,,,
0,7034.5,6206.9,-0.00018021,0.54105,-0.19199,0.00018701,,,,
0,7034.5,7034.5,0.0020483,0.54105,-0.19199,8.64E-05,,,,
0,7034.5,7862.1,0.0023791,0.54105,-0.19199,1.02E-05,,,,
0,7034.5,8689.7,-0.0016863,0.54105,-0.19199,-4.65E-05,,,,
0,7034.5,9517.2,0.0045115,0.54105,-0.19199,-8.82E-05,,,,
0,7034.5,10345,-0.00060872,0.54105,-0.19199,-0.00011823,,,,
0,7034.5,11172,0.0016781,0.54105,-0.19199,-0.00013933,,,,
0,7034.5,12000,0.0024464,0.54105,-0.19199,-0.00015363,,,,
0,7862.1,-12000,0.0036447,0.54105,-0.19199,0.0010773,,,,
0,7862.1,-11172,0.0074791,0.54105,-0.19199,0.001173,,,,
0,7862.1,-10345,0.0029768,0.54105,-0.19199,0.0012736,,,,
0,7862.1,-9517.2,0.010215,0.54105,-0.19199,0.0013768,,,,
0,7862.1,-8689.7,0.012707,0.54105,-0.19199,0.0014788,,,,
0,7862.1,-7862.1,0.0044245,0.54105,-0.19199,0.001574,,,,
0,7862.1,-7034.5,0.0098326,0.54105,-0.19199,0.0016548,,,,
0,7862.1,-6206.9,0.010041,0.54105,-0.19199,0.001712,,,,
0,7862.1,-5379.3,0.011351,0.54105,-0.19199,0.0017354,,,,
0,7862.1,-4551.7,0.0036569,0.54105,-0.19199,0.0017154,,,,
0,7862.1,-3724.1,0.013317,0.54105,-0.19199,0.0016449,,,,
0,7862.1,-2896.6,0.009993,0.54105,-0.19199,0.0015223,,,,
0,7862.1,-2069,0.0062886,0.54105,-0.19199,0.0013526,,,,
0,7862.1,-1241.4,0.010642,0.54105,-0.19199,0.0011473,,,,
0,7862.1,-413.79,0.0076404,0.54105,-0.19199,0.00092273,,,,
0,7862.1,413.79,-0.0013994,0.54105,-0.19199,0.00069601,,,,
0,7862.1,1241.4,-0.0028349,0.54105,-0.19199,0.0004823,,,,
0,7862.1,2069,-0.00038053,0.54105,-0.19199,0.00029227,,,,
0,7862.1,2896.6,-0.0052122,0.54105,-0.19199,0.00013163,,,,
0,7862.1,3724.1,-0.0033629,0.54105,-0.19199,1.72E-06,,,,
0,7862.1,4551.7,5.61E-05,0.54105,-0.19199,-9.92E-05,,,,
0,7862.1,5379.3,-0.0011896,0.54105,-0.19199,-0.0001746,,,,
0,7862.1,6206.9,-0.0012209,0.54105,-0.19199,-0.00022867,,,,
0,7862.1,7034.5,0.0022094,0.54105,-0.19199,-0.00026556,,,,
0,7862.1,7862.1,-0.0042529,0.54105,-0.19199,-0.00028904,,,,
0,7862.1,8689.7,-0.0013911,0.54105,-0.19199,-0.00030228,,,,
0,7862.1,9517.2,0.0039489,0.54105,-0.19199,-0.00030789,,,,
0,7862.1,10345,-0.004053,0.54105,-0.19199,-0.00030792,,,,
0,7862.1,11172,-0.0024951,0.54105,-0.19199,-0.00030397,,,,
0,7862.1,12000,-0.0025578,0.54105,-0.19199,-0.00029726,,,,
0,8689.7,-12000,0.00013346,0.54105,-0.19199,0.00070821,,,,
0,8689.7,-11172,0.0092385,0.54105,-0.19199,0.00074788,,,,
0,8689.7,-10345,0.0032579,0.54105,-0.19199,0.00078458,,,,
0,8689.7,-9517.2,0.0034027,0.54105,-0.19199,0.00081578,,,,
0,8689.7,-8689.7,0.005789,0.54105,-0.19199,0.00083823,,,,
0,8689.7,-7862.1,0.010493,0.54105,-0.19199,0.00084803,,,,
0,8689.7,-7034.5,0.0033184,0.54105,-0.19199,0.00084075,,,,
0,8689.7,-6206.9,-0.0013809,0.54105,-0.19199,0.00081195,,,,
0,8689.7,-5379.3,0.011843,0.54105,-0.19199,0.00075785,,,,
0,8689.7,-4551.7,0.012368,0.54105,-0.19199,0.0006763,,,,
0,8689.7,-3724.1,0.0066911,0.54105,-0.19199,0.00056773,,,,
0,8689.7,-2896.6,0.014224,0.54105,-0.19199,0.00043588,,,,
0,8689.7,-2069,0.014421,0.54105,-0.19199,0.00028774,,,,
0,8689.7,-1241.4,0.014222,0.54105,-0.19199,0.00013267,,,,
0,8689.7,-413.79,0.0098729,0.54105,-0.19199,-1.91E-05,,,,
0,8689.7,413.79,-0.0039053,0.54105,-0.19199,-0.00015849,,,,
0,8689.7,1241.4,-0.00035469,0.54105,-0.19199,-0.00027859,,,,
0,8689.7,2069,0.0035235,0.54105,-0.19199,-0.00037569,,,,
0,8689.7,2896.6,0.0021869,0.54105,-0.19199,-0.00044896,,,,
0,8689.7,3724.1,0.0058336,0.54105,-0.19199,-0.00049984,,,,
0,8689.7,4551.7,0.006262,0.54105,-0.19199,-0.00053114,,,,
0,8689.7,5379.3,2.76E-05,0.54105,-0.19199,-0.00054633,,,,
0,8689.7,6206.9,-0.00034018,0.54105,-0.19199,-0.0005489,,,,
0,8689.7,7034.5,-0.003609,0.54105,-0.19199,-0.00054205,,,,
0,8689.7,7862.1,-0.007057,0.54105,-0.19199,-0.00052847,,,,
0,8689.7,8689.7,-0.0034834,0.54105,-0.19199,-0.00051035,,,,
0,8689.7,9517.2,0.00043564,0.54105,-0.19199,-0.00048938,,,,
0,8689.7,10345,0.0040459,0.54105,-0.19199,-0.00046686,,,,
0,8689.7,11172,-0.00079825,0.54105,-0.19199,-0.0004437,,,,
0,8689.7,12000,0.0050969,0.54105,-0.19199,-0.00042057,,,,
0,9517.2,-12000,-0.00063892,0.54105,-0.19199,0.00040021,,,,
0,9517.2,-11172,0.0065114,0.54105,-0.19199,0.00039954,,,,
0,9517.2,-10345,0.0084027,0.54105,-0.19199,0.00039169,,,,
0,9517.2,-9517.2,0.0055268,0.54105,-0.19199,0.00037458,,,,
0,9517.2,-8689.7,0.0035827,0.54105,-0.19199,0.00034595,,,,
0,9517.2,-7862.1,0.0083076,0.54105,-0.19199,0.00030351,,,,
0,9517.2,-7034.5,0.00034497,0.54105,-0.19199,0.00024525,,,,
0,9517.2,-6206.9,-0.0042792,0.54105,-0.19199,0.00016987,,,,
0,9517.2,-5379.3,0.005943,0.54105,-0.19199,7.72E-05,,,,
0,9517.2,-4551.7,-0.0020455,0.54105,-0.19199,-3.11E-05,,,,
0,9517.2,-3724.1,0.011392,0.54105,-0.19199,-0.00015157,,,,
0,9517.2,-2896.6,0.012477,0.54105,-0.19199,-0.0002788,,,,
0,9517.2,-2069,0.0095875,0.54105,-0.19199,-0.00040593,,,,
0,9517.2,-1241.4,0.0091777,0.54105,-0.19199,-0.00052568,,,,
0,9517.2,-413.79,0.00703,0.54105,-0.19199,-0.0006314,,,,
0,9517.2,413.79,0.0040928,0.54105,-0.19199,-0.0007181,,,,
0,9517.2,1241.4,0.0038615,0.54105,-0.19199,-0.00078303,,,,
0,9517.2,2069,0.002072,0.54105,-0.19199,-0.00082571,,,,
0,9517.2,2896.6,-0.0013821,0.54105,-0.19199,-0.00084758,,,,
0,9517.2,3724.1,0.0034239,0.54105,-0.19199,-0.00085138,,,,
0,9517.2,4551.7,-0.0021454,0.54105,-0.19199,-0.00084049,,,,
0,9517.2,5379.3,-0.003863,0.54105,-0.19199,-0.0008184,,,,
0,9517.2,6206.9,-0.006515,0.54105,-0.19199,-0.00078832,,,,
0,9517.2,7034.5,-0.0030242,0.54105,-0.19199,-0.00075302,,,,
0,9517.2,7862.1,-0.0082325,0.54105,-0.19199,-0.00071473,,,,
0,9517.2,8689.7,-0.0079899,0.54105,-0.19199,-0.00067516,,,,
0,9517.2,9517.2,-0.0034721,0.54105,-0.19199,-0.00063559,,,,
0,9517.2,10345,0.0044594,0.54105,-0.19199,-0.00059688,,,,
0,9517.2,11172,-0.0011059,0.54105,-0.19199,-0.00055964,,,,
0,9517.2,12000,0.0044148,0.54105,-0.19199,-0.00052423,,,,
0,10345,-12000,0.0090272,0.54105,-0.19199,0.00014724,,,,
0,10345,-11172,0.0058697,0.54105,-0.19199,0.00011862,,,,
0,10345,-10345,0.0075446,0.54105,-0.19199,8.11E-05,,,,
0,10345,-9517.2,0.0049032,0.54105,-0.19199,3.32E-05,,,,
0,10345,-8689.7,-0.0022182,0.54105,-0.19199,-2.64E-05,,,,
0,10345,-7862.1,-0.00019353,0.54105,-0.19199,-9.87E-05,,,,
0,10345,-7034.5,-0.0026134,0.54105,-0.19199,-0.00018394,,,,
0,10345,-6206.9,0.00028445,0.54105,-0.19199,-0.00028164,,,,
0,10345,-5379.3,0.0013459,0.54105,-0.19199,-0.00039004,,,,
0,10345,-4551.7,0.00062797,0.54105,-0.19199,-0.00050599,,,,
0,10345,-3724.1,0.0027086,0.54105,-0.19199,-0.00062502,,,,
0,10345,-2896.6,0.0091791,0.54105,-0.19199,-0.00074163,,,,
0,10345,-2069,0.015175,0.54105,-0.19199,-0.00084989,,,,
0,10345,-1241.4,0.0052682,0.54105,-0.19199,-0.0009442,,,,
0,10345,-413.79,0.0093843,0.54105,-0.19199,-0.0010201,,,,
0,10345,413.79,0.0036814,0.54105,-0.19199,-0.0010749,,,,
0,10345,1241.4,-0.0032432,0.54105,-0.19199,-0.0011076,,,,
0,10345,2069,-0.0010579,0.54105,-0.19199,-0.0011192,,,,
0,10345,2896.6,-0.012639,0.54105,-0.19199,-0.001112,,,,
0,10345,3724.1,-0.013886,0.54105,-0.19199,-0.0010893,,,,
0,10345,4551.7,-0.0029237,0.54105,-0.19199,-0.0010543,,,,
0,10345,5379.3,-0.0047366,0.54105,-0.19199,-0.0010107,,,,
0,10345,6206.9,-0.0015704,0.54105,-0.19199,-0.00096135,,,,
0,10345,7034.5,-0.0096081,0.54105,-0.19199,-0.00090886,,,,
0,10345,7862.1,-0.012132,0.54105,-0.19199,-0.00085523,,,,
0,10345,8689.7,-0.0058684,0.54105,-0.19199,-0.00080198,,,,
0,10345,9517.2,-0.0068327,0.54105,-0.19199,-0.00075018,,,,
0,10345,10345,-0.0026726,0.54105,-0.19199,-0.00070056,,,,
0,10345,11172,0.0027329,0.54105,-0.19199,-0.00065357,,,,
0,10345,12000,-0.0019239,0.54105,-0.19199,-0.00060945,,,,
0,11172,-12000,0.0043775,0.54105,-0.19199,-5.75E-05,,,,
0,11172,-11172,0.0085558,0.54105,-0.19199,-0.00010459,,,,
0,11172,-10345,0.007071,0.54105,-0.19199,-0.00016081,,,,
0,11172,-9517.2,0.0063916,0.54105,-0.19199,-0.00022704,,,,
0,11172,-8689.7,0.0019323,0.54105,-0.19199,-0.0003038,,,,
0,11172,-7862.1,0.0064358,0.54105,-0.19199,-0.00039112,,,,
0,11172,-7034.5,0.0045806,0.54105,-0.19199,-0.00048834,,,,
0,11172,-6206.9,-0.00069756,0.54105,-0.19199,-0.0005939,,,,
0,11172,-5379.3,-0.0015941,0.54105,-0.19199,-0.00070524,,,,
0,11172,-4551.7,-0.00069988,0.54105,-0.19199,-0.00081876,,,,
0,11172,-3724.1,0.0065891,0.54105,-0.19199,-0.00093001,,,,
0,11172,-2896.6,0.0094189,0.54105,-0.19199,-0.0010341,,,,
0,11172,-2069,0.0051355,0.54105,-0.19199,-0.001126,,,,
0,11172,-1241.4,0.0013577,0.54105,-0.19199,-0.0012016,,,,
0,11172,-413.79,0.0092168,0.54105,-0.19199,-0.0012578,,,,
0,11172,413.79,0.011821,0.54105,-0.19199,-0.0012929,,,,
0,11172,1241.4,0.0059529,0.54105,-0.19199,-0.0013071,,,,
0,11172,2069,-0.0032031,0.54105,-0.19199,-0.0013017,,,,
0,11172,2896.6,-0.0054224,0.54105,-0.19199,-0.0012791,,,,
0,11172,3724.1,-0.0083923,0.54105,-0.19199,-0.0012426,,,,
0,11172,4551.7,-0.0029118,0.54105,-0.19199,-0.0011953,,,,
0,11172,5379.3,-0.0047447,0.54105,-0.19199,-0.0011406,,,,
0,11172,6206.9,-0.0011982,0.54105,-0.19199,-0.0010812,,,,
0,11172,7034.5,-0.00027983,0.54105,-0.19199,-0.0010195,,,,
0,11172,7862.1,-0.0044988,0.54105,-0.19199,-0.00095734,,,,
0,11172,8689.7,-0.014509,0.54105,-0.19199,-0.00089624,,,,
0,11172,9517.2,-0.0072448,0.54105,-0.19199,-0.00083719,,,,
0,11172,10345,-0.0086912,0.54105,-0.19199,-0.00078085,,,,
0,11172,11172,-0.0046205,0.54105,-0.19199,-0.00072764,,,,
0,11172,12000,-0.0036264,0.54105,-0.19199,-0.00067778,,,,
0,12000,-12000,0.0027085,0.54105,-0.19199,-0.00022096,,,,
0,12000,-11172,0.0066035,0.54105,-0.19199,-0.00027934,,,,
0,12000,-10345,0.0083332,0.54105,-0.19199,-0.0003463,,,,
0,12000,-9517.2,0.0090613,0.54105,-0.19199,-0.00042218,,,,
0,12000,-8689.7,0.0074961,0.54105,-0.19199,-0.00050691,,,,
0,12000,-7862.1,0.0069778,0.54105,-0.19199,-0.00059992,,,,
0,12000,-7034.5,0.0011152,0.54105,-0.19199,-0.00069999,,,,
0,12000,-6206.9,0.0055669,0.54105,-0.19199,-0.00080513,,,,
0,12000,-5379.3,0.013117,0.54105,-0.19199,-0.00091254,,,,
0,12000,-4551.7,0.0086944,0.54105,-0.19199,-0.0010187,,,,
0,12000,-3724.1,0.0052501,0.54105,-0.19199,-0.0011197,,,,
0,12000,-2896.6,0.0056067,0.54105,-0.19199,-0.0012112,,,,
0,12000,-2069,0.0048757,0.54105,-0.19199,-0.0012894,,,,
0,12000,-1241.4,0.0057402,0.54105,-0.19199,-0.0013509,,,,
0,12000,-413.79,0.0031433,0.54105,-0.19199,-0.0013937,,,,
0,12000,413.79,0.001149,0.54105,-0.19199,-0.0014167,,,,
0,12000,1241.4,-0.0059237,0.54105,-0.19199,-0.0014204,,,,
0,12000,2069,-0.0076886,0.54105,-0.19199,-0.0014062,,,,
0,12000,2896.6,-0.0098972,0.54105,-0.19199,-0.0013765,,,,
0,12000,3724.1,-0.0015935,0.54105,-0.19199,-0.001334,,,,
0,12000,4551.7,-0.0012717,0.54105,-0.19199,-0.0012817,,,,
0,12000,5379.3,-0.0066021,0.54105,-0.19199,-0.0012226,,,,
0,12000,6206.9,-0.00011604,0.54105,-0.19199,-0.0011591,,,,
0,12000,7034.5,-0.0029034,0.54105,-0.19199,-0.0010937,,,,
0,12000,7862.1,-0.0064678,0.54105,-0.19199,-0.0010279,,,,
0,12000,8689.7,-0.0091625,0.54105,-0.19199,-0.00096322,,,,
0,12000,9517.2,-0.0099136,0.54105,-0.19199,-0.00090063,,,,
0,12000,10345,-0.0059589,0.54105,-0.19199,-0.0008408,,,,
0,12000,11172,-0.0014196,0.54105,-0.19199,-0.00078417,,,,
0,12000,12000,0.0047851,0.54105,-0.19199,-0.00073097,,,,