oid,x,y,d,theta,phi,true_d,,,
0,-12000,-12000,0.00069109,0.40143,-2.9496,0.00019617,,,
0,-12000,-11172,0.0048143,0.40143,-2.9496,0.00019017,,,
0,-12000,-10345,-7.91E-05,0.40143,-2.9496,0.00018094,,,
0,-12000,-9517.2,-0.0053396,0.40143,-2.9496,0.00016801,,,0.063285
0,-12000,-8689.7,-0.0029592,0.40143,-2.9496,0.00015094,,,0.063871
0,-12000,-7862.1,-0.0020729,0.40143,-2.9496,0.00012941,,,
0,-12000,-7034.5,-0.0013414,0.40143,-2.9496,0.00010325,,,
0,-12000,-6206.9,0.0055719,0.40143,-2.9496,7.25E-05,,,
0,-12000,-5379.3,0.00052419,0.40143,-2.9496,3.75E-05,,,
0,-12000,-4551.7,0.012649,0.40143,-2.9496,-1.06E-06,,,
0,-12000,-3724.1,0.00081781,0.40143,-2.9496,-4.23E-05,,,
0,-12000,-2896.6,-0.0015103,0.40143,-2.9496,-8.51E-05,,,
0,-12000,-2069,0.0086171,0.40143,-2.9496,-0.00012788,,,
0,-12000,-1241.4,0.009637,0.40143,-2.9496,-0.00016933,,,
0,-12000,-413.79,0.01316,0.40143,-2.9496,-0.00020805,,,
0,-12000,413.79,0.0087092,0.40143,-2.9496,-0.00024285,,,
0,-12000,1241.4,-0.0041235,0.40143,-2.9496,-0.00027284,,,
0,-12000,2069,0.0081887,0.40143,-2.9496,-0.00029749,,,
0,-12000,2896.6,0.0057183,0.40143,-2.9496,-0.00031657,,,
0,-12000,3724.1,0.00031816,0.40143,-2.9496,-0.0003302,,,
0,-12000,4551.7,-0.010142,0.40143,-2.9496,-0.00033873,,,
0,-12000,5379.3,-0.01104,0.40143,-2.9496,-0.00034268,,,
0,-12000,6206.9,-0.0038888,0.40143,-2.9496,-0.00034266,,,
0,-12000,7034.5,-0.010863,0.40143,-2.9496,-0.00033934,,,
0,-12000,7862.1,-0.0095884,0.40143,-2.9496,-0.00033335,,,
0,-12000,8689.7,-0.011428,0.40143,-2.9496,-0.00032528,,,
0,-12000,9517.2,-0.0078228,0.40143,-2.9496,-0.00031568,,,
0,-12000,10345,-0.0058634,0.40143,-2.9496,-0.00030499,,,
0,-12000,11172,0.0022629,0.40143,-2.9496,-0.0002936,,,
0,-12000,12000,0.0026785,0.40143,-2.9496,-0.00028181,,,
0,-11172,-12000,-0.0012271,0.40143,-2.9496,0.00034475,,,
0,-11172,-11172,-0.0076233,0.40143,-2.9496,0.0003519,,,
0,-11172,-10345,-0.0045867,0.40143,-2.9496,0.00035616,,,
0,-11172,-9517.2,-0.002122,0.40143,-2.9496,0.00035676,,,
0,-11172,-8689.7,-0.0043955,0.40143,-2.9496,0.00035286,,,
0,-11172,-7862.1,0.0034616,0.40143,-2.9496,0.00034365,,,
0,-11172,-7034.5,0.0003755,0.40143,-2.9496,0.00032841,,,
0,-11172,-6206.9,0.0087886,0.40143,-2.9496,0.00030661,,,
0,-11172,-5379.3,0.0099384,0.40143,-2.9496,0.00027804,,,
0,-11172,-4551.7,0.011802,0.40143,-2.9496,0.00024288,,,
0,-11172,-3724.1,0.0067282,0.40143,-2.9496,0.00020177,,,
0,-11172,-2896.6,0.0091325,0.40143,-2.9496,0.00015585,,,
0,-11172,-2069,0.0080776,0.40143,-2.9496,0.00010666,,,
0,-11172,-1241.4,0.0072795,0.40143,-2.9496,5.60E-05,,,
0,-11172,-413.79,0.015369,0.40143,-2.9496,5.81E-06,,,
0,-11172,413.79,0.015969,0.40143,-2.9496,-4.21E-05,,,
0,-11172,1241.4,0.0040146,0.40143,-2.9496,-8.62E-05,,,
0,-11172,2069,0.0023976,0.40143,-2.9496,-0.00012534,,,
0,-11172,2896.6,-0.0046552,0.40143,-2.9496,-0.00015879,,,
0,-11172,3724.1,-0.009059,0.40143,-2.9496,-0.00018627,,,
0,-11172,4551.7,-0.0038438,0.40143,-2.9496,-0.00020789,,,
0,-11172,5379.3,-0.014918,0.40143,-2.9496,-0.00022399,,,
0,-11172,6206.9,-0.0085946,0.40143,-2.9496,-0.00023514,,,
0,-11172,7034.5,-0.0042536,0.40143,-2.9496,-0.00024197,,,
0,-11172,7862.1,-0.0072931,0.40143,-2.9496,-0.00024515,,,
0,-11172,8689.7,-0.011596,0.40143,-2.9496,-0.00024535,,,
0,-11172,9517.2,-0.012151,0.40143,-2.9496,-0.00024317,,,
0,-11172,10345,-0.0022417,0.40143,-2.9496,-0.00023913,,,
0,-11172,11172,-0.002157,0.40143,-2.9496,-0.0002337,,,
0,-11172,12000,-0.0012982,0.40143,-2.9496,-0.00022725,,,
0,-10345,-12000,-0.0013982,0.40143,-2.9496,0.00052559,,,
0,-10345,-11172,0.0018255,0.40143,-2.9496,0.00055152,,,
0,-10345,-10345,0.0019965,0.40143,-2.9496,0.00057563,,,
0,-10345,-9517.2,0.00034068,0.40143,-2.9496,0.00059679,,,
0,-10345,-8689.7,0.0010843,0.40143,-2.9496,0.00061363,,,
0,-10345,-7862.1,0.0029545,0.40143,-2.9496,0.00062465,,,
0,-10345,-7034.5,0.0016849,0.40143,-2.9496,0.00062825,,,
0,-10345,-6206.9,0.0085265,0.40143,-2.9496,0.00062294,,,
0,-10345,-5379.3,0.0044385,0.40143,-2.9496,0.00060748,,,
0,-10345,-4551.7,0.0052019,0.40143,-2.9496,0.00058109,,,
0,-10345,-3724.1,0.0034657,0.40143,-2.9496,0.00054371,,,
0,-10345,-2896.6,0.0068926,0.40143,-2.9496,0.00049605,,,
0,-10345,-2069,0.010484,0.40143,-2.9496,0.00043969,,,
0,-10345,-1241.4,0.014293,0.40143,-2.9496,0.00037688,,,
0,-10345,-413.79,0.012792,0.40143,-2.9496,0.00031037,,,
0,-10345,413.79,0.0060474,0.40143,-2.9496,0.00024303,,,
0,-10345,1241.4,0.0076642,0.40143,-2.9496,0.00017755,,,
0,-10345,2069,0.0022978,0.40143,-2.9496,0.00011618,,,
0,-10345,2896.6,-0.00089959,0.40143,-2.9496,6.05E-05,,,
0,-10345,3724.1,-0.0079514,0.40143,-2.9496,1.17E-05,,,
0,-10345,4551.7,-0.010553,0.40143,-2.9496,-3.01E-05,,,
0,-10345,5379.3,-0.013413,0.40143,-2.9496,-6.48E-05,,,
0,-10345,6206.9,-0.0086886,0.40143,-2.9496,-9.28E-05,,,
0,-10345,7034.5,-0.005714,0.40143,-2.9496,-0.00011477,,,
0,-10345,7862.1,-0.0070056,0.40143,-2.9496,-0.00013148,,,
0,-10345,8689.7,-0.0081293,0.40143,-2.9496,-0.00014369,,,
0,-10345,9517.2,-0.012869,0.40143,-2.9496,-0.00015212,,,
0,-10345,10345,-0.0052244,0.40143,-2.9496,-0.00015745,,,
0,-10345,11172,-3.94E-05,0.40143,-2.9496,-0.00016029,,,
0,-10345,12000,0.0036844,0.40143,-2.9496,-0.00016114,,,
0,-9517.2,-12000,0.0029916,0.40143,-2.9496,0.00074395,,,
0,-9517.2,-11172,0.0031379,0.40143,-2.9496,0.00079605,,,
0,-9517.2,-10345,-3.51E-05,0.40143,-2.9496,0.00084859,,,
0,-9517.2,-9517.2,0.006788,0.40143,-2.9496,0.00090007,,,
0,-9517.2,-8689.7,0.0035084,0.40143,-2.9496,0.0009485,,,
0,-9517.2,-7862.1,0.002642,0.40143,-2.9496,0.00099144,,,
0,-9517.2,-7034.5,0.0032033,0.40143,-2.9496,0.001026,,,
0,-9517.2,-6206.9,0.0022814,0.40143,-2.9496,0.0010491,,,
0,-9517.2,-5379.3,0.0016546,0.40143,-2.9496,0.0010577,,,
0,-9517.2,-4551.7,0.0035794,0.40143,-2.9496,0.0010492,,,
0,-9517.2,-3724.1,0.0027688,0.40143,-2.9496,0.001022,,,
0,-9517.2,-2896.6,0.0058159,0.40143,-2.9496,0.00097569,,,
0,-9517.2,-2069,0.0090257,0.40143,-2.9496,0.00091156,,,
0,-9517.2,-1241.4,0.004079,0.40143,-2.9496,0.0008324,,,
0,-9517.2,-413.79,0.0096943,0.40143,-2.9496,0.0007422,,,
0,-9517.2,413.79,0.0032903,0.40143,-2.9496,0.00064565,,,
0,-9517.2,1241.4,0.0020129,0.40143,-2.9496,0.00054746,,,
0,-9517.2,2069,0.0025301,0.40143,-2.9496,0.00045182,,,
0,-9517.2,2896.6,-0.00080551,0.40143,-2.9496,0.00036206,,,
0,-9517.2,3724.1,-0.0033523,0.40143,-2.9496,0.00028043,,,
0,-9517.2,4551.7,-0.0081139,0.40143,-2.9496,0.00020818,,,
0,-9517.2,5379.3,-0.015094,0.40143,-2.9496,0.00014572,,,
0,-9517.2,6206.9,-0.0090017,0.40143,-2.9496,9.28E-05,,,
0,-9517.2,7034.5,-0.013749,0.40143,-2.9496,4.87E-05,,,
0,-9517.2,7862.1,-0.0097536,0.40143,-2.9496,1.26E-05,,,
0,-9517.2,8689.7,-0.010036,0.40143,-2.9496,-1.65E-05,,,
0,-9517.2,9517.2,-0.0086865,0.40143,-2.9496,-3.96E-05,,,
0,-9517.2,10345,-0.0088411,0.40143,-2.9496,-5.78E-05,,,
0,-9517.2,11172,0.0013146,0.40143,-2.9496,-7.17E-05,,,
0,-9517.2,12000,0.002174,0.40143,-2.9496,-8.22E-05,,,
0,-8689.7,-12000,-0.0022001,0.40143,-2.9496,0.0010052,,,
0,-8689.7,-11172,0.0046094,0.40143,-2.9496,0.001093,,,
0,-8689.7,-10345,-0.00066462,0.40143,-2.9496,0.0011854,,,
0,-8689.7,-9517.2,0.0034719,0.40143,-2.9496,0.0012805,,,
0,-8689.7,-8689.7,0.0048626,0.40143,-2.9496,0.0013759,,,
0,-8689.7,-7862.1,0.00096919,0.40143,-2.9496,0.0014678,,,
0,-8689.7,-7034.5,0.011885,0.40143,-2.9496,0.0015517,,,
0,-8689.7,-6206.9,-3.58E-05,0.40143,-2.9496,0.0016219,,,
0,-8689.7,-5379.3,0.003097,0.40143,-2.9496,0.0016723,,,
0,-8689.7,-4551.7,0.011097,0.40143,-2.9496,0.001697,,,
0,-8689.7,-3724.1,0.013697,0.40143,-2.9496,0.0016912,,,
0,-8689.7,-2896.6,0.012604,0.40143,-2.9496,0.0016523,,,
0,-8689.7,-2069,0.014592,0.40143,-2.9496,0.0015804,,,
0,-8689.7,-1241.4,0.0062855,0.40143,-2.9496,0.0014788,,,
0,-8689.7,-413.79,0.0082942,0.40143,-2.9496,0.0013535,,,
0,-8689.7,413.79,0.0088773,0.40143,-2.9496,0.0012123,,,
0,-8689.7,1241.4,0.0045194,0.40143,-2.9496,0.0010636,,,
0,-8689.7,2069,0.00072267,0.40143,-2.9496,0.00091499,,,
0,-8689.7,2896.6,-0.00060409,0.40143,-2.9496,0.00077283,,,
0,-8689.7,3724.1,-0.0011343,0.40143,-2.9496,0.00064151,,,
0,-8689.7,4551.7,-0.0093601,0.40143,-2.9496,0.00052361,,,
0,-8689.7,5379.3,-0.010072,0.40143,-2.9496,0.00042021,,,
0,-8689.7,6206.9,-0.014313,0.40143,-2.9496,0.00033122,,,
0,-8689.7,7034.5,-0.0010806,0.40143,-2.9496,0.00025578,,,
0,-8689.7,7862.1,0.0045201,0.40143,-2.9496,0.00019261,,,
0,-8689.7,8689.7,-0.003906,0.40143,-2.9496,0.00014026,,,
0,-8689.7,9517.2,-0.007612,0.40143,-2.9496,9.72E-05,,,
0,-8689.7,10345,-0.0090211,0.40143,-2.9496,6.21E-05,,,
0,-8689.7,11172,-0.0063099,0.40143,-2.9496,3.36E-05,,,
0,-8689.7,12000,0.0041813,0.40143,-2.9496,1.07E-05,,,
0,-7862.1,-12000,-0.0023959,0.40143,-2.9496,0.0013146,,,
0,-7862.1,-11172,-0.0030781,0.40143,-2.9496,0.0014501,,,
0,-7862.1,-10345,0.0034178,0.40143,-2.9496,0.001597,,,
0,-7862.1,-9517.2,0.0054778,0.40143,-2.9496,0.0017538,,,
0,-7862.1,-8689.7,0.0062897,0.40143,-2.9496,0.0019174,,,
0,-7862.1,-7862.1,0.0016841,0.40143,-2.9496,0.0020829,,,
0,-7862.1,-7034.5,0.0082552,0.40143,-2.9496,0.0022433,,,
0,-7862.1,-6206.9,0.010243,0.40143,-2.9496,0.0023894,,,
0,-7862.1,-5379.3,0.010032,0.40143,-2.9496,0.00251,,,
0,-7862.1,-4551.7,0.010076,0.40143,-2.9496,0.0025935,,,
0,-7862.1,-3724.1,0.016064,0.40143,-2.9496,0.0026289,,,
0,-7862.1,-2896.6,0.014938,0.40143,-2.9496,0.0026087,,,
0,-7862.1,-2069,0.0056541,0.40143,-2.9496,0.0025302,,,
0,-7862.1,-1241.4,0.0066746,0.40143,-2.9496,0.0023971,,,
0,-7862.1,-413.79,0.00332,0.40143,-2.9496,0.0022186,,,
0,-7862.1,413.79,0.0072486,0.40143,-2.9496,0.0020082,,,
0,-7862.1,1241.4,0.007164,0.40143,-2.9496,0.0017808,,,
0,-7862.1,2069,0.0019087,0.40143,-2.9496,0.0015502,,,
0,-7862.1,2896.6,-0.00021222,0.40143,-2.9496,0.0013278,,,
0,-7862.1,3724.1,-0.00066139,0.40143,-2.9496,0.0011217,,,
0,-7862.1,4551.7,-0.004527,0.40143,-2.9496,0.00093627,,,
0,-7862.1,5379.3,-0.010143,0.40143,-2.9496,0.00077352,,,
0,-7862.1,6206.9,-0.0035164,0.40143,-2.9496,0.00063327,,,
0,-7862.1,7034.5,-0.0074291,0.40143,-2.9496,0.00051411,,,
0,-7862.1,7862.1,-0.003267,0.40143,-2.9496,0.00041396,,,
0,-7862.1,8689.7,-0.0012225,0.40143,-2.9496,0.00033043,,,
0,-7862.1,9517.2,-0.0014678,0.40143,-2.9496,0.00026119,,,
0,-7862.1,10345,-0.0077512,0.40143,-2.9496,0.00020403,,,
0,-7862.1,11172,-0.0036225,0.40143,-2.9496,0.00015699,,,
0,-7862.1,12000,0.0028566,0.40143,-2.9496,0.00011836,,,
0,-7034.5,-12000,0.0079635,0.40143,-2.9496,0.0016763,,,
0,-7034.5,-11172,0.0046387,0.40143,-2.9496,0.0018742,,,
0,-7034.5,-10345,0.00065865,0.40143,-2.9496,0.0020944,,,
0,-7034.5,-9517.2,0.0094887,0.40143,-2.9496,0.0023362,,,
0,-7034.5,-8689.7,0.0083026,0.40143,-2.9496,0.0025968,,,
0,-7034.5,-7862.1,0.011655,0.40143,-2.9496,0.0028705,,,
0,-7034.5,-7034.5,0.010714,0.40143,-2.9496,0.0031475,,,
0,-7034.5,-6206.9,0.011122,0.40143,-2.9496,0.0034135,,,
0,-7034.5,-5379.3,0.011293,0.40143,-2.9496,0.0036496,,,
0,-7034.5,-4551.7,0.013967,0.40143,-2.9496,0.0038338,,,
0,-7034.5,-3724.1,0.01757,0.40143,-2.9496,0.0039443,,,
0,-7034.5,-2896.6,0.01437,0.40143,-2.9496,0.0039633,,,
0,-7034.5,-2069,0.010122,0.40143,-2.9496,0.0038821,,,
0,-7034.5,-1241.4,0.0046826,0.40143,-2.9496,0.0037038,,,
0,-7034.5,-413.79,0.0033741,0.40143,-2.9496,0.0034434,,,
0,-7034.5,413.79,0.005727,0.40143,-2.9496,0.0031243,,,
0,-7034.5,1241.4,0.0059112,0.40143,-2.9496,0.0027733,,,
0,-7034.5,2069,0.0055003,0.40143,-2.9496,0.0024155,,,
0,-7034.5,2896.6,0.00028256,0.40143,-2.9496,0.002071,,,
0,-7034.5,3724.1,-0.0066311,0.40143,-2.9496,0.0017531,,,
0,-7034.5,4551.7,-0.0099715,0.40143,-2.9496,0.0014692,,,
0,-7034.5,5379.3,-0.0047891,0.40143,-2.9496,0.0012219,,,
0,-7034.5,6206.9,-0.0039272,0.40143,-2.9496,0.0010102,,,
0,-7034.5,7034.5,-0.0049302,0.40143,-2.9496,0.00083143,,,
0,-7034.5,7862.1,-0.0076651,0.40143,-2.9496,0.00068186,,,
0,-7034.5,8689.7,0.00014516,0.40143,-2.9496,0.00055751,,,
0,-7034.5,9517.2,-0.0014128,0.40143,-2.9496,0.00045455,,,
0,-7034.5,10345,-0.0015107,0.40143,-2.9496,0.0003695,,,
0,-7034.5,11172,0.003927,0.40143,-2.9496,0.00029933,,,
0,-7034.5,12000,0.004246,0.40143,-2.9496,0.00024146,,,
0,-6206.9,-12000,0.002625,0.40143,-2.9496,0.002093,,,
0,-6206.9,-11172,0.0027394,0.40143,-2.9496,0.0023705,,,
0,-6206.9,-10345,-0.0051181,0.40143,-2.9496,0.0026866,,,
0,-6206.9,-9517.2,0.0092184,0.40143,-2.9496,0.003043,,,
0,-6206.9,-8689.7,0.010371,0.40143,-2.9496,0.0034387,,,
0,-6206.9,-7862.1,0.003259,0.40143,-2.9496,0.003868,,,
0,-6206.9,-7034.5,0.011054,0.40143,-2.9496,0.0043188,,,
0,-6206.9,-6206.9,0.015368,0.40143,-2.9496,0.0047705,,,
0,-6206.9,-5379.3,0.0048823,0.40143,-2.9496,0.0051925,,,
0,-6206.9,-4551.7,0.013028,0.40143,-2.9496,0.0055461,,,
0,-6206.9,-3724.1,0.0082488,0.40143,-2.9496,0.005789,,,
0,-6206.9,-2896.6,0.014578,0.40143,-2.9496,0.0058839,,,
0,-6206.9,-2069,0.012012,0.40143,-2.9496,0.0058089,,,
0,-6206.9,-1241.4,0.0060509,0.40143,-2.9496,0.0055646,,,
0,-6206.9,-413.79,0.002113,0.40143,-2.9496,0.0051756,,,
0,-6206.9,413.79,0.0033955,0.40143,-2.9496,0.0046841,,,
0,-6206.9,1241.4,-0.0048231,0.40143,-2.9496,0.0041388,,,
0,-6206.9,2069,0.0059574,0.40143,-2.9496,0.0035844,,,
0,-6206.9,2896.6,0.0053602,0.40143,-2.9496,0.0030551,,,
0,-6206.9,3724.1,-0.0044572,0.40143,-2.9496,0.0025726,,,
0,-6206.9,4551.7,-0.0079836,0.40143,-2.9496,0.0021473,,,
0,-6206.9,5379.3,-0.0089169,0.40143,-2.9496,0.0017817,,,
0,-6206.9,6206.9,-0.0060353,0.40143,-2.9496,0.0014726,,,
0,-6206.9,7034.5,-0.011611,0.40143,-2.9496,0.0012144,,,
0,-6206.9,7862.1,-0.0047546,0.40143,-2.9496,0.0010004,,,
0,-6206.9,8689.7,-0.0063982,0.40143,-2.9496,0.00082394,,,
0,-6206.9,9517.2,-0.004375,0.40143,-2.9496,0.00067868,,,
0,-6206.9,10345,-0.0065282,0.40143,-2.9496,0.00055922,,,
0,-6206.9,11172,0.0014002,0.40143,-2.9496,0.00046093,,,
0,-6206.9,12000,0.0048298,0.40143,-2.9496,0.00037996,,,
0,-5379.3,-12000,0.0017979,0.40143,-2.9496,0.0025644,,,
0,-5379.3,-11172,0.0051549,0.40143,-2.9496,0.0029408,,,
0,-5379.3,-10345,0.00085764,0.40143,-2.9496,0.0033792,,,
0,-5379.3,-9517.2,0.0029149,0.40143,-2.9496,0.0038859,,,
0,-5379.3,-8689.7,0.0065751,0.40143,-2.9496,0.0044642,,,
0,-5379.3,-7862.1,0.011088,0.40143,-2.9496,0.0051116,,,
0,-5379.3,-7034.5,0.0068784,0.40143,-2.9496,0.0058154,,,
0,-5379.3,-6206.9,0.010765,0.40143,-2.9496,0.006548,,,
0,-5379.3,-5379.3,0.0066146,0.40143,-2.9496,0.0072632,,,
0,-5379.3,-4551.7,0.008412,0.40143,-2.9496,0.0078954,,,
0,-5379.3,-3724.1,0.0064835,0.40143,-2.9496,0.0083665,,,
0,-5379.3,-2896.6,0.010226,0.40143,-2.9496,0.0086015,,,
0,-5379.3,-2069,0.0092221,0.40143,-2.9496,0.0085509,,,
0,-5379.3,-1241.4,0.010845,0.40143,-2.9496,0.0082084,,,
0,-5379.3,-413.79,0.0041405,0.40143,-2.9496,0.0076158,,,
0,-5379.3,413.79,0.007119,0.40143,-2.9496,0.0068499,,,
0,-5379.3,1241.4,0.0062845,0.40143,-2.9496,0.0059994,,,
0,-5379.3,2069,0.003772,0.40143,-2.9496,0.0051434,,,
0,-5379.3,2896.6,-0.0020886,0.40143,-2.9496,0.0043386,,,
0,-5379.3,3724.1,0.00081922,0.40143,-2.9496,0.0036178,,,
0,-5379.3,4551.7,-0.0056596,0.40143,-2.9496,0.0029941,,,
0,-5379.3,5379.3,-0.003407,0.40143,-2.9496,0.002467,,,
0,-5379.3,6206.9,-0.0026725,0.40143,-2.9496,0.0020285,,,
0,-5379.3,7034.5,-0.0099279,0.40143,-2.9496,0.0016674,,,
0,-5379.3,7862.1,-0.010041,0.40143,-2.9496,0.0013719,,,
0,-5379.3,8689.7,-0.0044511,0.40143,-2.9496,0.0011305,,,
0,-5379.3,9517.2,-0.0021868,0.40143,-2.9496,0.00093364,,,
0,-5379.3,10345,-0.0046122,0.40143,-2.9496,0.00077284,,,
0,-5379.3,11172,-0.0055518,0.40143,-2.9496,0.00064125,,,
0,-5379.3,12000,0.0057908,0.40143,-2.9496,0.00053326,,,
0,-4551.7,-12000,0.0034183,0.40143,-2.9496,0.0030863,,,
0,-4551.7,-11172,-0.0046049,0.40143,-2.9496,0.0035815,,,
0,-4551.7,-10345,-0.00025164,0.40143,-2.9496,0.0041706,,,
0,-4551.7,-9517.2,-0.0013302,0.40143,-2.9496,0.0048679,,,
0,-4551.7,-8689.7,0.0019578,0.40143,-2.9496,0.0056853,,,
0,-4551.7,-7862.1,0.01611,0.40143,-2.9496,0.0066284,,,
0,-4551.7,-7034.5,0.011369,0.40143,-2.9496,0.0076887,,,
0,-4551.7,-6206.9,0.012024,0.40143,-2.9496,0.0088342,,,
0,-4551.7,-5379.3,0.0098981,0.40143,-2.9496,0.0099994,,,
0,-4551.7,-4551.7,0.013341,0.40143,-2.9496,0.011078,,,
0,-4551.7,-3724.1,0.010224,0.40143,-2.9496,0.011932,,,
0,-4551.7,-2896.6,0.012616,0.40143,-2.9496,0.012416,,,
0,-4551.7,-2069,0.0057002,0.40143,-2.9496,0.012424,,,
0,-4551.7,-1241.4,0.0044411,0.40143,-2.9496,0.011935,,,
0,-4551.7,-413.79,0.0074807,0.40143,-2.9496,0.011019,,,
0,-4551.7,413.79,0.0055703,0.40143,-2.9496,0.0098182,,,
0,-4551.7,1241.4,0.007126,0.40143,-2.9496,0.0084944,,,
0,-4551.7,2069,0.0026802,0.40143,-2.9496,0.0071838,,,
0,-4551.7,2896.6,0.0078134,0.40143,-2.9496,0.0059774,,,
0,-4551.7,3724.1,0.004182,0.40143,-2.9496,0.0049209,,,
0,-4551.7,4551.7,-0.0053475,0.40143,-2.9496,0.0040265,,,
0,-4551.7,5379.3,-0.00143,0.40143,-2.9496,0.0032858,,,
0,-4551.7,6206.9,-0.0090643,0.40143,-2.9496,0.002681,,,
0,-4551.7,7034.5,-0.0042332,0.40143,-2.9496,0.0021908,,,
0,-4551.7,7862.1,-0.005539,0.40143,-2.9496,0.001795,,,
0,-4551.7,8689.7,-0.0084808,0.40143,-2.9496,0.0014757,,,
0,-4551.7,9517.2,-0.0060172,0.40143,-2.9496,0.0012176,,,
0,-4551.7,10345,0.0039955,0.40143,-2.9496,0.0010086,,,
0,-4551.7,11172,-0.0028293,0.40143,-2.9496,0.00083867,,,
0,-4551.7,12000,-0.0062695,0.40143,-2.9496,0.00069993,,,
0,-3724.1,-12000,-0.0029163,0.40143,-2.9496,0.0036491,,,
0,-3724.1,-11172,0.0011278,0.40143,-2.9496,0.0042819,,,
0,-3724.1,-10345,-0.0009719,0.40143,-2.9496,0.0050494,,,
0,-3724.1,-9517.2,-0.0098291,0.40143,-2.9496,0.0059785,,,
0,-3724.1,-8689.7,0.0028311,0.40143,-2.9496,0.0070959,,,
0,-3724.1,-7862.1,0.013408,0.40143,-2.9496,0.0084231,,,
0,-3724.1,-7034.5,0.019475,0.40143,-2.9496,0.009965,,,
0,-3724.1,-6206.9,0.023675,0.40143,-2.9496,0.011693,,,
0,-3724.1,-5379.3,0.022219,0.40143,-2.9496,0.013522,,,
0,-3724.1,-4551.7,0.017298,0.40143,-2.9496,0.015291,,,
0,-3724.1,-3724.1,0.019806,0.40143,-2.9496,0.016764,,,
0,-3724.1,-2896.6,0.024028,0.40143,-2.9496,0.017671,,,
0,-3724.1,-2069,0.015401,0.40143,-2.9496,0.0178,,,
0,-3724.1,-1241.4,0.0075361,0.40143,-2.9496,0.01709,,,
0,-3724.1,-413.79,0.0043058,0.40143,-2.9496,0.015667,,,
0,-3724.1,413.79,0.007814,0.40143,-2.9496,0.013793,,,
0,-3724.1,1241.4,0.0099468,0.40143,-2.9496,0.011754,,,
0,-3724.1,2069,-0.00081518,0.40143,-2.9496,0.0097792,,,
0,-3724.1,2896.6,0.0037931,0.40143,-2.9496,0.0080076,,,
0,-3724.1,3724.1,0.00061766,0.40143,-2.9496,0.0064959,,,
0,-3724.1,4551.7,-0.003372,0.40143,-2.9496,0.0052468,,,
0,-3724.1,5379.3,-0.0046059,0.40143,-2.9496,0.004235,,,
0,-3724.1,6206.9,-0.0015584,0.40143,-2.9496,0.0034245,,,
0,-3724.1,7034.5,-0.0067251,0.40143,-2.9496,0.0027786,,,
0,-3724.1,7862.1,-0.011407,0.40143,-2.9496,0.0022644,,,
0,-3724.1,8689.7,-0.0011287,0.40143,-2.9496,0.0018545,,,
0,-3724.1,9517.2,-0.0026077,0.40143,-2.9496,0.0015266,,,
0,-3724.1,10345,0.0039749,0.40143,-2.9496,0.0012631,,,
0,-3724.1,11172,0.0016917,0.40143,-2.9496,0.0010504,,,
0,-3724.1,12000,-0.0016535,0.40143,-2.9496,0.00087765,,,
0,-2896.6,-12000,-0.00058066,0.40143,-2.9496,0.0042373,,,
0,-2896.6,-11172,0.0058325,0.40143,-2.9496,0.0050221,,,
0,-2896.6,-10345,-0.0012456,0.40143,-2.9496,0.0059909,,,
0,-2896.6,-9517.2,-0.0012545,0.40143,-2.9496,0.0071875,,,
0,-2896.6,-8689.7,0.0055458,0.40143,-2.9496,0.0086613,,,
0,-2896.6,-7862.1,0.0056989,0.40143,-2.9496,0.01046,,,
0,-2896.6,-7034.5,0.013907,0.40143,-2.9496,0.012616,,,
0,-2896.6,-6206.9,0.016107,0.40143,-2.9496,0.015119,,,
0,-2896.6,-5379.3,0.017482,0.40143,-2.9496,0.017872,,,
0,-2896.6,-4551.7,0.02093,0.40143,-2.9496,0.020649,,,
0,-2896.6,-3724.1,0.026962,0.40143,-2.9496,0.02307,,,
0,-2896.6,-2896.6,0.028722,0.40143,-2.9496,0.024657,,,
0,-2896.6,-2069,0.024451,0.40143,-2.9496,0.025003,,,
0,-2896.6,-1241.4,0.026269,0.40143,-2.9496,0.023972,,,
0,-2896.6,-413.79,0.025551,0.40143,-2.9496,0.021785,,,
0,-2896.6,413.79,0.021637,0.40143,-2.9496,0.018909,,,
0,-2896.6,1241.4,0.013006,0.40143,-2.9496,0.015839,,,
0,-2896.6,2069,0.013558,0.40143,-2.9496,0.012944,,,
0,-2896.6,2896.6,0.0085659,0.40143,-2.9496,0.010418,,,
0,-2896.6,3724.1,0.0038324,0.40143,-2.9496,0.0083219,,,
0,-2896.6,4551.7,-0.0035047,0.40143,-2.9496,0.0066326,,,
0,-2896.6,5379.3,-0.0055277,0.40143,-2.9496,0.005294,,,
0,-2896.6,6206.9,-0.0020156,0.40143,-2.9496,0.0042419,,,
0,-2896.6,7034.5,-0.0017076,0.40143,-2.9496,0.003417,,,
0,-2896.6,7862.1,-0.009943,0.40143,-2.9496,0.0027691,,,
0,-2896.6,8689.7,-0.0105,0.40143,-2.9496,0.0022585,,,
0,-2896.6,9517.2,-0.0053586,0.40143,-2.9496,0.0018538,,,
0,-2896.6,10345,-0.0048206,0.40143,-2.9496,0.0015312,,,
0,-2896.6,11172,0.0019355,0.40143,-2.9496,0.0012723,,,
0,-2896.6,12000,0.00098698,0.40143,-2.9496,0.0010632,,,
0,-2069,-12000,-0.00024414,0.40143,-2.9496,0.0048293,,,
0,-2069,-11172,-0.00089924,0.40143,-2.9496,0.005773,,,
0,-2069,-10345,0.0046262,0.40143,-2.9496,0.0069552,,,
0,-2069,-9517.2,-0.00091713,0.40143,-2.9496,0.0084414,,,
0,-2069,-8689.7,0.0050008,0.40143,-2.9496,0.01031,,,
0,-2069,-7862.1,0.0059315,0.40143,-2.9496,0.012646,,,
0,-2069,-7034.5,0.017396,0.40143,-2.9496,0.015526,,,
0,-2069,-6206.9,0.020617,0.40143,-2.9496,0.018978,,,
0,-2069,-5379.3,0.028105,0.40143,-2.9496,0.022915,,,
0,-2069,-4551.7,0.034212,0.40143,-2.9496,0.027044,,,
0,-2069,-3724.1,0.032236,0.40143,-2.9496,0.030793,,,
0,-2069,-2896.6,0.041582,0.40143,-2.9496,0.033377,,,
0,-2069,-2069,0.032095,0.40143,-2.9496,0.03407,,,
0,-2069,-1241.4,0.027339,0.40143,-2.9496,0.032603,,,
0,-2069,-413.79,0.038409,0.40143,-2.9496,0.029344,,,
0,-2069,413.79,0.030674,0.40143,-2.9496,0.025088,,,
0,-2069,1241.4,0.016422,0.40143,-2.9496,0.020646,,,
0,-2069,2069,0.015329,0.40143,-2.9496,0.016572,,,
0,-2069,2896.6,0.012771,0.40143,-2.9496,0.013117,,,
0,-2069,3724.1,0.010296,0.40143,-2.9496,0.010325,,,
0,-2069,4551.7,-0.0010659,0.40143,-2.9496,0.0081269,,,
0,-2069,5379.3,-0.0021066,0.40143,-2.9496,0.0064205,,,
0,-2069,6206.9,0.0047164,0.40143,-2.9496,0.0051022,,,
0,-2069,7034.5,0.00010604,0.40143,-2.9496,0.0040832,,,
0,-2069,7862.1,-0.007176,0.40143,-2.9496,0.0032924,,,
0,-2069,8689.7,-0.004486,0.40143,-2.9496,0.0026752,,,
0,-2069,9517.2,0.0027082,0.40143,-2.9496,0.00219,,,
0,-2069,10345,0.0008576,0.40143,-2.9496,0.0018057,,,
0,-2069,11172,0.0065811,0.40143,-2.9496,0.0014991,,,
0,-2069,12000,-0.00049441,0.40143,-2.9496,0.0012525,,,
0,-1241.4,-12000,0.003202,0.40143,-2.9496,0.0053987,,,
0,-1241.4,-11172,0.0013621,0.40143,-2.9496,0.0064971,,,
0,-1241.4,-10345,-0.003104,0.40143,-2.9496,0.0078892,,,
0,-1241.4,-9517.2,0.011721,0.40143,-2.9496,0.0096637,,,
0,-1241.4,-8689.7,0.0056352,0.40143,-2.9496,0.011931,,,
0,-1241.4,-7862.1,0.0082698,0.40143,-2.9496,0.014822,,,
0,-1241.4,-7034.5,0.016511,0.40143,-2.9496,0.018469,,,
0,-1241.4,-6206.9,0.02197,0.40143,-2.9496,0.022957,,,
0,-1241.4,-5379.3,0.029722,0.40143,-2.9496,0.028233,,,
0,-1241.4,-4551.7,0.043244,0.40143,-2.9496,0.033952,,,
0,-1241.4,-3724.1,0.045218,0.40143,-2.9496,0.03933,,,
0,-1241.4,-2896.6,0.046952,0.40143,-2.9496,0.043184,,,
0,-1241.4,-2069,0.052136,0.40143,-2.9496,0.044348,,,
0,-1241.4,-1241.4,0.045361,0.40143,-2.9496,0.042354,,,
0,-1241.4,-413.79,0.040931,0.40143,-2.9496,0.037772,,,
0,-1241.4,413.79,0.033227,0.40143,-2.9496,0.031847,,,
0,-1241.4,1241.4,0.030392,0.40143,-2.9496,0.025795,,,
0,-1241.4,2069,0.018206,0.40143,-2.9496,0.020381,,,
0,-1241.4,2896.6,0.010036,0.40143,-2.9496,0.015904,,,
0,-1241.4,3724.1,-8.76E-05,0.40143,-2.9496,0.012366,,,
0,-1241.4,4551.7,0.0040816,0.40143,-2.9496,0.0096349,,,
0,-1241.4,5379.3,0.0040473,0.40143,-2.9496,0.0075496,,,
0,-1241.4,6206.9,0.0035712,0.40143,-2.9496,0.0059605,,,
0,-1241.4,7034.5,0.0052671,0.40143,-2.9496,0.004746,,,
0,-1241.4,7862.1,-0.00031977,0.40143,-2.9496,0.0038123,,,
0,-1241.4,8689.7,0.0043916,0.40143,-2.9496,0.0030889,,,
0,-1241.4,9517.2,0.0049095,0.40143,-2.9496,0.0025238,,,
0,-1241.4,10345,0.0040677,0.40143,-2.9496,0.0020784,,,
0,-1241.4,11172,0.0034336,0.40143,-2.9496,0.0017244,,,
0,-1241.4,12000,0.0034425,0.40143,-2.9496,0.0014407,,,
0,-413.79,-12000,-0.00098059,0.40143,-2.9496,0.0059165,,,
0,-413.79,-11172,0.0047388,0.40143,-2.9496,0.0071528,,,
0,-413.79,-10345,0.0038075,0.40143,-2.9496,0.0087318,,,
0,-413.79,-9517.2,0.0062812,0.40143,-2.9496,0.010763,,,
0,-413.79,-8689.7,0.010662,0.40143,-2.9496,0.013387,,,
0,-413.79,-7862.1,0.014096,0.40143,-2.9496,0.016777,,,
0,-413.79,-7034.5,0.020355,0.40143,-2.9496,0.021119,,,
0,-413.79,-6206.9,0.027751,0.40143,-2.9496,0.026564,,,
0,-413.79,-5379.3,0.033344,0.40143,-2.9496,0.0331,,,
0,-413.79,-4551.7,0.047586,0.40143,-2.9496,0.040353,,,
0,-413.79,-3724.1,0.056778,0.40143,-2.9496,0.047346,,,
0,-413.79,-2896.6,0.059367,0.40143,-2.9496,0.052494,,,
0,-413.79,-2069,0.058126,0.40143,-2.9496,0.054162,,,
0,-413.79,-1241.4,0.055138,0.40143,-2.9496,0.051657,,,
0,-413.79,-413.79,0.041334,0.40143,-2.9496,0.045762,,,
0,-413.79,413.79,0.036365,0.40143,-2.9496,0.038197,,,
0,-413.79,1241.4,0.020992,0.40143,-2.9496,0.030591,,,
0,-413.79,2069,0.017512,0.40143,-2.9496,0.023908,,,
0,-413.79,2896.6,0.0082942,0.40143,-2.9496,0.018477,,,
0,-413.79,3724.1,0.0015506,0.40143,-2.9496,0.01425,,,
0,-413.79,4551.7,0.0045303,0.40143,-2.9496,0.011031,,,
0,-413.79,5379.3,0.0021334,0.40143,-2.9496,0.0085989,,,
0,-413.79,6206.9,0.0028608,0.40143,-2.9496,0.0067622,,,
0,-413.79,7034.5,0.0065292,0.40143,-2.9496,0.0053685,,,
0,-413.79,7862.1,0.0035504,0.40143,-2.9496,0.0043032,,,
0,-413.79,8689.7,0.0039341,0.40143,-2.9496,0.0034817,,,
0,-413.79,9517.2,0.0031066,0.40143,-2.9496,0.0028423,,,
0,-413.79,10345,-0.00095885,0.40143,-2.9496,0.0023399,,,
0,-413.79,11172,-0.0042749,0.40143,-2.9496,0.0019415,,,
0,-413.79,12000,0.00011671,0.40143,-2.9496,0.0016227,,,
0,413.79,-12000,0.0022721,0.40143,-2.9496,0.0063549,,,
0,413.79,-11172,0.0035969,0.40143,-2.9496,0.0076995,,,
0,413.79,-10345,0.006582,0.40143,-2.9496,0.0094227,,,
0,413.79,-9517.2,0.004703,0.40143,-2.9496,0.011648,,,
0,413.79,-8689.7,0.0068998,0.40143,-2.9496,0.014537,,,
0,413.79,-7862.1,0.010411,0.40143,-2.9496,0.018289,,,
0,413.79,-7034.5,0.021387,0.40143,-2.9496,0.023127,,,
0,413.79,-6206.9,0.025663,0.40143,-2.9496,0.02924,,,
0,413.79,-5379.3,0.034888,0.40143,-2.9496,0.036648,,,
0,413.79,-4551.7,0.043721,0.40143,-2.9496,0.044951,,,
0,413.79,-3724.1,0.053618,0.40143,-2.9496,0.053046,,,
0,413.79,-2896.6,0.059223,0.40143,-2.9496,0.059084,,,
0,413.79,-2069,0.063871,0.40143,-2.9496,0.061113,,,
0,413.79,-1241.4,0.062229,0.40143,-2.9496,0.058283,,,
0,413.79,-413.79,0.052275,0.40143,-2.9496,0.051515,,,
0,413.79,413.79,0.038198,0.40143,-2.9496,0.042843,,,
0,413.79,1241.4,0.025565,0.40143,-2.9496,0.034173,,,
0,413.79,2069,0.01683,0.40143,-2.9496,0.026605,,,
0,413.79,2896.6,0.0020817,0.40143,-2.9496,0.020494,,,
0,413.79,3724.1,0.0018895,0.40143,-2.9496,0.015765,,,
0,413.79,4551.7,0.002921,0.40143,-2.9496,0.01218,,,
0,413.79,5379.3,0.0016754,0.40143,-2.9496,0.0094825,,,
0,413.79,6206.9,0.011852,0.40143,-2.9496,0.0074509,,,
0,413.79,7034.5,0.0036112,0.40143,-2.9496,0.0059129,,,
0,413.79,7862.1,0.0084746,0.40143,-2.9496,0.0047393,,,
0,413.79,8689.7,0.013316,0.40143,-2.9496,0.0038355,,,
0,413.79,9517.2,0.0066395,0.40143,-2.9496,0.0031327,,,
0,413.79,10345,-0.0029972,0.40143,-2.9496,0.0025808,,,
0,413.79,11172,-0.0043213,0.40143,-2.9496,0.0021433,,,
0,413.79,12000,-0.00506,0.40143,-2.9496,0.0017933,,,
0,1241.4,-12000,0.0079409,0.40143,-2.9496,0.0066909,,,
0,1241.4,-11172,0.0082371,0.40143,-2.9496,0.0081043,,,
0,1241.4,-10345,0.015006,0.40143,-2.9496,0.0099135,,,
0,1241.4,-9517.2,0.010224,0.40143,-2.9496,0.012246,,,
0,1241.4,-8689.7,0.0080171,0.40143,-2.9496,0.015269,,,
0,1241.4,-7862.1,0.014464,0.40143,-2.9496,0.019185,,,
0,1241.4,-7034.5,0.015854,0.40143,-2.9496,0.024219,,,
0,1241.4,-6206.9,0.025669,0.40143,-2.9496,0.030557,,,
0,1241.4,-5379.3,0.030008,0.40143,-2.9496,0.038204,,,
0,1241.4,-4551.7,0.040836,0.40143,-2.9496,0.046737,,,
0,1241.4,-3724.1,0.056106,0.40143,-2.9496,0.055023,,,
0,1241.4,-2896.6,0.058247,0.40143,-2.9496,0.061191,,,
0,1241.4,-2069,0.063464,0.40143,-2.9496,0.063285,,,
0,1241.4,-1241.4,0.061959,0.40143,-2.9496,0.06045,,,
0,1241.4,-413.79,0.055666,0.40143,-2.9496,0.053597,,,
0,1241.4,413.79,0.038388,0.40143,-2.9496,0.044756,,,
0,1241.4,1241.4,0.027425,0.40143,-2.9496,0.035855,,,
0,1241.4,2069,0.013498,0.40143,-2.9496,0.028034,,,
0,1241.4,2896.6,0.010251,0.40143,-2.9496,0.021681,,,
0,1241.4,3724.1,0.005675,0.40143,-2.9496,0.016737,,,
0,1241.4,4551.7,0.0048297,0.40143,-2.9496,0.012972,,,
0,1241.4,5379.3,0.0029379,0.40143,-2.9496,0.010128,,,
0,1241.4,6206.9,0.0059274,0.40143,-2.9496,0.0079782,,,
0,1241.4,7034.5,0.0040929,0.40143,-2.9496,0.0063462,,,
0,1241.4,7862.1,0.011157,0.40143,-2.9496,0.0050977,,,
0,1241.4,8689.7,0.010884,0.40143,-2.9496,0.0041341,,,
0,1241.4,9517.2,0.0085948,0.40143,-2.9496,0.0033832,,,
0,1241.4,10345,0.00084784,0.40143,-2.9496,0.0027925,,,
0,1241.4,11172,-0.005186,0.40143,-2.9496,0.0023234,,,
0,1241.4,12000,-0.0082833,0.40143,-2.9496,0.0019475,,,
0,2069,-12000,0.0015847,0.40143,-2.9496,0.0069095,,,
0,2069,-11172,0.010084,0.40143,-2.9496,0.0083468,,,
0,2069,-10345,0.011426,0.40143,-2.9496,0.010177,,,
0,2069,-9517.2,0.013396,0.40143,-2.9496,0.01252,,,
0,2069,-8689.7,0.006889,0.40143,-2.9496,0.015531,,,
0,2069,-7862.1,0.01023,0.40143,-2.9496,0.019393,,,
0,2069,-7034.5,0.016099,0.40143,-2.9496,0.024298,,,
0,2069,-6206.9,0.024092,0.40143,-2.9496,0.030385,,,
0,2069,-5379.3,0.026653,0.40143,-2.9496,0.037609,,,
0,2069,-4551.7,0.040845,0.40143,-2.9496,0.045527,,,
0,2069,-3724.1,0.046256,0.40143,-2.9496,0.053079,,,
0,2069,-2896.6,0.052901,0.40143,-2.9496,0.058618,,,
0,2069,-2069,0.060828,0.40143,-2.9496,0.060478,,,
0,2069,-1241.4,0.0632,0.40143,-2.9496,0.057946,,,
0,2069,-413.79,0.059162,0.40143,-2.9496,0.051784,,,
0,2069,413.79,0.046222,0.40143,-2.9496,0.043718,,,
0,2069,1241.4,0.026787,0.40143,-2.9496,0.035448,,,
0,2069,2069,0.013475,0.40143,-2.9496,0.028044,,,
0,2069,2896.6,0.0073437,0.40143,-2.9496,0.021921,,,
0,2069,3724.1,0.0050289,0.40143,-2.9496,0.017081,,,
0,2069,4551.7,0.0085575,0.40143,-2.9496,0.013345,,,
0,2069,5379.3,0.0031958,0.40143,-2.9496,0.010491,,,
0,2069,6206.9,0.0071661,0.40143,-2.9496,0.0083126,,,
0,2069,7034.5,0.011971,0.40143,-2.9496,0.0066457,,,
0,2069,7862.1,0.0124,0.40143,-2.9496,0.0053618,,,
0,2069,8689.7,0.013001,0.40143,-2.9496,0.0043651,,,
0,2069,9517.2,0.0045321,0.40143,-2.9496,0.0035846,,,
0,2069,10345,-4.60E-05,0.40143,-2.9496,0.002968,,,
0,2069,11172,-0.0028268,0.40143,-2.9496,0.0024765,,,
0,2069,12000,-0.0037662,0.40143,-2.9496,0.0020814,,,
0,2896.6,-12000,0.0057962,0.40143,-2.9496,0.0070058,,,
0,2896.6,-11172,0.0015277,0.40143,-2.9496,0.0084226,,,
0,2896.6,-10345,0.014598,0.40143,-2.9496,0.010209,,,
0,2896.6,-9517.2,0.013561,0.40143,-2.9496,0.012471,,,
0,2896.6,-8689.7,0.012485,0.40143,-2.9496,0.015338,,,
0,2896.6,-7862.1,0.014936,0.40143,-2.9496,0.018955,,,
0,2896.6,-7034.5,0.016512,0.40143,-2.9496,0.02346,,,
0,2896.6,-6206.9,0.020871,0.40143,-2.9496,0.028924,,,
0,2896.6,-5379.3,0.03411,0.40143,-2.9496,0.035242,,,
0,2896.6,-4551.7,0.037264,0.40143,-2.9496,0.041978,,,
0,2896.6,-3724.1,0.042472,0.40143,-2.9496,0.048231,,,
0,2896.6,-2896.6,0.053136,0.40143,-2.9496,0.052707,,,
0,2896.6,-2069,0.057547,0.40143,-2.9496,0.05417,,,
0,2896.6,-1241.4,0.051476,0.40143,-2.9496,0.052108,,,
0,2896.6,-413.79,0.042261,0.40143,-2.9496,0.047077,,,
0,2896.6,413.79,0.040737,0.40143,-2.9496,0.040365,,,
0,2896.6,1241.4,0.029752,0.40143,-2.9496,0.033305,,,
0,2896.6,2069,0.01288,0.40143,-2.9496,0.026807,,,
0,2896.6,2896.6,0.01034,0.40143,-2.9496,0.021289,,,
0,2896.6,3724.1,0.010172,0.40143,-2.9496,0.016823,,,
0,2896.6,4551.7,0.0076413,0.40143,-2.9496,0.013303,,,
0,2896.6,5379.3,0.0073599,0.40143,-2.9496,0.010565,,,
0,2896.6,6206.9,0.010965,0.40143,-2.9496,0.008445,,,
0,2896.6,7034.5,0.011712,0.40143,-2.9496,0.006802,,,
0,2896.6,7862.1,0.013881,0.40143,-2.9496,0.0055232,,,
0,2896.6,8689.7,0.011716,0.40143,-2.9496,0.0045215,,,
0,2896.6,9517.2,0.0092619,0.40143,-2.9496,0.0037311,,,
0,2896.6,10345,0.0063092,0.40143,-2.9496,0.0031026,,,
0,2896.6,11172,-0.0020269,0.40143,-2.9496,0.0025988,,,
0,2896.6,12000,-0.0035569,0.40143,-2.9496,0.0021917,,,
0,3724.1,-12000,0.0043556,0.40143,-2.9496,0.0069846,,,
0,3724.1,-11172,0.0098105,0.40143,-2.9496,0.0083416,,,
0,3724.1,-10345,0.013022,0.40143,-2.9496,0.010031,,,
0,3724.1,-9517.2,0.0084019,0.40143,-2.9496,0.012138,,,
0,3724.1,-8689.7,0.0070166,0.40143,-2.9496,0.014761,,,
0,3724.1,-7862.1,0.014919,0.40143,-2.9496,0.018001,,,
0,3724.1,-7034.5,0.017141,0.40143,-2.9496,0.021938,,,
0,3724.1,-6206.9,0.026671,0.40143,-2.9496,0.026578,,,
0,3724.1,-5379.3,0.031109,0.40143,-2.9496,0.031778,,,
0,3724.1,-4551.7,0.03275,0.40143,-2.9496,0.037142,,,
0,3724.1,-3724.1,0.043263,0.40143,-2.9496,0.041963,,,
0,3724.1,-2896.6,0.044446,0.40143,-2.9496,0.045317,,,
0,3724.1,-2069,0.046735,0.40143,-2.9496,0.04637,,,
0,3724.1,-1241.4,0.047782,0.40143,-2.9496,0.044793,,,
0,3724.1,-413.79,0.037829,0.40143,-2.9496,0.040957,,,
0,3724.1,413.79,0.040105,0.40143,-2.9496,0.035734,,,
0,3724.1,1241.4,0.029379,0.40143,-2.9496,0.030079,,,
0,3724.1,2069,0.017134,0.40143,-2.9496,0.024705,,,
0,3724.1,2896.6,0.0065015,0.40143,-2.9496,0.019997,,,
0,3724.1,3724.1,0.0056801,0.40143,-2.9496,0.016073,,,
0,3724.1,4551.7,0.01041,0.40143,-2.9496,0.012901,,,
0,3724.1,5379.3,0.011138,0.40143,-2.9496,0.010378,,,
0,3724.1,6206.9,0.013594,0.40143,-2.9496,0.0083873,,,
0,3724.1,7034.5,0.015327,0.40143,-2.9496,0.0068195,,,
0,3724.1,7862.1,0.011013,0.40143,-2.9496,0.0055824,,,
0,3724.1,8689.7,0.009022,0.40143,-2.9496,0.0046021,,,
0,3724.1,9517.2,0.0041268,0.40143,-2.9496,0.0038208,,,
0,3724.1,10345,0.0079419,0.40143,-2.9496,0.0031942,,,
0,3724.1,11172,0.0049945,0.40143,-2.9496,0.0026882,,,
0,3724.1,12000,-0.00020288,0.40143,-2.9496,0.0022767,,,
0,4551.7,-12000,0.0075322,0.40143,-2.9496,0.0068587,,,
0,4551.7,-11172,0.0041911,0.40143,-2.9496,0.0081259,,,
0,4551.7,-10345,0.0091211,0.40143,-2.9496,0.0096797,,,
0,4551.7,-9517.2,0.0041799,0.40143,-2.9496,0.011584,,,
0,4551.7,-8689.7,0.0038617,0.40143,-2.9496,0.013905,,,
0,4551.7,-7862.1,0.018401,0.40143,-2.9496,0.016703,,,
0,4551.7,-7034.5,0.015412,0.40143,-2.9496,0.02001,,,
0,4551.7,-6206.9,0.012214,0.40143,-2.9496,0.02379,,,
0,4551.7,-5379.3,0.021997,0.40143,-2.9496,0.027885,,,
0,4551.7,-4551.7,0.031677,0.40143,-2.9496,0.031966,,,
0,4551.7,-3724.1,0.039416,0.40143,-2.9496,0.035515,,,
0,4551.7,-2896.6,0.04646,0.40143,-2.9496,0.03791,,,
0,4551.7,-2069,0.036016,0.40143,-2.9496,0.038626,,,
0,4551.7,-1241.4,0.041524,0.40143,-2.9496,0.037462,,,
0,4551.7,-413.79,0.035371,0.40143,-2.9496,0.034653,,,
0,4551.7,413.79,0.026601,0.40143,-2.9496,0.030758,,,
0,4551.7,1241.4,0.030347,0.40143,-2.9496,0.026419,,,
0,4551.7,2069,0.0208,0.40143,-2.9496,0.02216,,,
0,4551.7,2896.6,0.01142,0.40143,-2.9496,0.018302,,,
0,4551.7,3724.1,0.010768,0.40143,-2.9496,0.014986,,,
0,4551.7,4551.7,0.013305,0.40143,-2.9496,0.012229,,,
0,4551.7,5379.3,0.0096606,0.40143,-2.9496,0.0099808,,,
0,4551.7,6206.9,0.011397,0.40143,-2.9496,0.0081682,,,
0,4551.7,7034.5,0.012933,0.40143,-2.9496,0.0067138,,,
0,4551.7,7862.1,0.0021063,0.40143,-2.9496,0.0055476,,,
0,4551.7,8689.7,0.0093754,0.40143,-2.9496,0.0046107,,,
0,4551.7,9517.2,0.016826,0.40143,-2.9496,0.0038553,,,
0,4551.7,10345,0.01116,0.40143,-2.9496,0.0032431,,,
0,4551.7,11172,0.010143,0.40143,-2.9496,0.0027443,,,
0,4551.7,12000,0.003319,0.40143,-2.9496,0.0023356,,,
0,5379.3,-12000,0.017142,0.40143,-2.9496,0.0066463,,,
0,5379.3,-11172,0.0081704,0.40143,-2.9496,0.0078038,,,
0,5379.3,-10345,0.0056886,0.40143,-2.9496,0.0091995,,,
0,5379.3,-9517.2,0.0077511,0.40143,-2.9496,0.010877,,,
0,5379.3,-8689.7,0.0054619,0.40143,-2.9496,0.012876,,,
0,5379.3,-7862.1,0.010905,0.40143,-2.9496,0.015226,,,
0,5379.3,-7034.5,0.017069,0.40143,-2.9496,0.017925,,,
0,5379.3,-6206.9,0.016121,0.40143,-2.9496,0.020914,,,
0,5379.3,-5379.3,0.020838,0.40143,-2.9496,0.024048,,,
0,5379.3,-4551.7,0.026049,0.40143,-2.9496,0.027068,,,
0,5379.3,-3724.1,0.029553,0.40143,-2.9496,0.029612,,,
0,5379.3,-2896.6,0.029501,0.40143,-2.9496,0.03128,,,
0,5379.3,-2069,0.044619,0.40143,-2.9496,0.031749,,,
0,5379.3,-1241.4,0.038064,0.40143,-2.9496,0.030903,,,
0,5379.3,-413.79,0.037121,0.40143,-2.9496,0.028887,,,
0,5379.3,413.79,0.027222,0.40143,-2.9496,0.026046,,,
0,5379.3,1241.4,0.027086,0.40143,-2.9496,0.022799,,,
0,5379.3,2069,0.01967,0.40143,-2.9496,0.019513,,,
0,5379.3,2896.6,0.020556,0.40143,-2.9496,0.016441,,,
0,5379.3,3724.1,0.011405,0.40143,-2.9496,0.013716,,,
0,5379.3,4551.7,0.010417,0.40143,-2.9496,0.011385,,,
0,5379.3,5379.3,0.014139,0.40143,-2.9496,0.0094341,,,
0,5379.3,6206.9,0.011708,0.40143,-2.9496,0.0078248,,,
0,5379.3,7034.5,0.010288,0.40143,-2.9496,0.0065074,,,
0,5379.3,7862.1,0.011037,0.40143,-2.9496,0.0054324,,,
0,5379.3,8689.7,0.013085,0.40143,-2.9496,0.0045556,,,
0,5379.3,9517.2,0.010698,0.40143,-2.9496,0.0038391,,,
0,5379.3,10345,0.0050787,0.40143,-2.9496,0.0032519,,,
0,5379.3,11172,0.0054631,0.40143,-2.9496,0.0027686,,,
0,5379.3,12000,0.013525,0.40143,-2.9496,0.0023691,,,
0,6206.9,-12000,0.021306,0.40143,-2.9496,0.006368,,,
0,6206.9,-11172,0.014543,0.40143,-2.9496,0.0074058,,,
0,6206.9,-10345,0.0084432,0.40143,-2.9496,0.0086354,,,
0,6206.9,-9517.2,0.0059919,0.40143,-2.9496,0.010083,,,
0,6206.9,-8689.7,0.0056813,0.40143,-2.9496,0.011771,,,
0,6206.9,-7862.1,0.0096958,0.40143,-2.9496,0.013704,,,
0,6206.9,-7034.5,0.011985,0.40143,-2.9496,0.015863,,,
0,6206.9,-6206.9,0.017183,0.40143,-2.9496,0.018183,,,
0,6206.9,-5379.3,0.02793,0.40143,-2.9496,0.020541,,,
0,6206.9,-4551.7,0.028753,0.40143,-2.9496,0.022745,,,
0,6206.9,-3724.1,0.035867,0.40143,-2.9496,0.024549,,,
0,6206.9,-2896.6,0.039309,0.40143,-2.9496,0.025699,,,
0,6206.9,-2069,0.030715,0.40143,-2.9496,0.026,,,
0,6206.9,-1241.4,0.036057,0.40143,-2.9496,0.025385,,,
0,6206.9,-413.79,0.03279,0.40143,-2.9496,0.023944,,,
0,6206.9,413.79,0.023394,0.40143,-2.9496,0.021889,,,
0,6206.9,1241.4,0.026478,0.40143,-2.9496,0.019487,,,
0,6206.9,2069,0.021852,0.40143,-2.9496,0.016989,,,
0,6206.9,2896.6,0.0077124,0.40143,-2.9496,0.014584,,,
0,6206.9,3724.1,0.012095,0.40143,-2.9496,0.012388,,,
0,6206.9,4551.7,0.0069004,0.40143,-2.9496,0.010456,,,
0,6206.9,5379.3,0.0086954,0.40143,-2.9496,0.0087967,,,
0,6206.9,6206.9,0.012884,0.40143,-2.9496,0.0073962,,,
0,6206.9,7034.5,0.011214,0.40143,-2.9496,0.0062258,,,
0,6206.9,7862.1,0.013582,0.40143,-2.9496,0.0052532,,,
0,6206.9,8689.7,0.010716,0.40143,-2.9496,0.0044472,,,
0,6206.9,9517.2,0.0096338,0.40143,-2.9496,0.0037792,,,
0,6206.9,10345,-0.0024272,0.40143,-2.9496,0.0032249,,,
0,6206.9,11172,0.0093352,0.40143,-2.9496,0.0027637,,,
0,6206.9,12000,0.017675,0.40143,-2.9496,0.0023788,,,
0,7034.5,-12000,0.020376,0.40143,-2.9496,0.006044,,,
0,7034.5,-11172,0.018033,0.40143,-2.9496,0.0069606,,,
0,7034.5,-10345,0.013439,0.40143,-2.9496,0.0080273,,,
0,7034.5,-9517.2,0.012039,0.40143,-2.9496,0.0092584,,,
0,7034.5,-8689.7,0.0060142,0.40143,-2.9496,0.010661,,,
0,7034.5,-7862.1,0.020763,0.40143,-2.9496,0.01223,,,
0,7034.5,-7034.5,0.012588,0.40143,-2.9496,0.013935,,,
0,7034.5,-6206.9,0.016803,0.40143,-2.9496,0.015718,,,
0,7034.5,-5379.3,0.02232,0.40143,-2.9496,0.017479,,,
0,7034.5,-4551.7,0.030414,0.40143,-2.9496,0.01908,,,
0,7034.5,-3724.1,0.03328,0.40143,-2.9496,0.020357,,,
0,7034.5,-2896.6,0.038289,0.40143,-2.9496,0.02115,,,
0,7034.5,-2069,0.035008,0.40143,-2.9496,0.02134,,,
0,7034.5,-1241.4,0.030275,0.40143,-2.9496,0.02089,,,
0,7034.5,-413.79,0.032847,0.40143,-2.9496,0.019855,,,
0,7034.5,413.79,0.02877,0.40143,-2.9496,0.018366,,,
0,7034.5,1241.4,0.024204,0.40143,-2.9496,0.016593,,,
0,7034.5,2069,0.019438,0.40143,-2.9496,0.014705,,,
0,7034.5,2896.6,0.01243,0.40143,-2.9496,0.012839,,,
0,7034.5,3724.1,0.0092836,0.40143,-2.9496,0.011089,,,
0,7034.5,4551.7,0.010084,0.40143,-2.9496,0.0095086,,,
0,7034.5,5379.3,0.011461,0.40143,-2.9496,0.0081183,,,
0,7034.5,6206.9,0.013326,0.40143,-2.9496,0.0069178,,,
0,7034.5,7034.5,0.0064527,0.40143,-2.9496,0.0058938,,,
0,7034.5,7862.1,0.011655,0.40143,-2.9496,0.0050272,,,
0,7034.5,8689.7,0.010185,0.40143,-2.9496,0.0042971,,,
0,7034.5,9517.2,-0.0016583,0.40143,-2.9496,0.0036832,,,
0,7034.5,10345,0.0025194,0.40143,-2.9496,0.0031672,,,
0,7034.5,11172,0.0049653,0.40143,-2.9496,0.002733,,,
0,7034.5,12000,0.013336,0.40143,-2.9496,0.0023669,,,
0,7862.1,-12000,0.011515,0.40143,-2.9496,0.0056927,,,
0,7862.1,-11172,0.010146,0.40143,-2.9496,0.0064927,,,
0,7862.1,-10345,0.020788,0.40143,-2.9496,0.0074072,,,
0,7862.1,-9517.2,0.015604,0.40143,-2.9496,0.0084424,,,
0,7862.1,-8689.7,0.016696,0.40143,-2.9496,0.0095969,,,
0,7862.1,-7862.1,0.01106,0.40143,-2.9496,0.010858,,,
0,7862.1,-7034.5,0.016319,0.40143,-2.9496,0.012196,,,
0,7862.1,-6206.9,0.018611,0.40143,-2.9496,0.01356,,,
0,7862.1,-5379.3,0.019907,0.40143,-2.9496,0.014874,,,
0,7862.1,-4551.7,0.027805,0.40143,-2.9496,0.01604,,,
0,7862.1,-3724.1,0.030474,0.40143,-2.9496,0.016949,,,
0,7862.1,-2896.6,0.036601,0.40143,-2.9496,0.017499,,,
0,7862.1,-2069,0.027098,0.40143,-2.9496,0.017618,,,
0,7862.1,-1241.4,0.026442,0.40143,-2.9496,0.017284,,,
0,7862.1,-413.79,0.021515,0.40143,-2.9496,0.016533,,,
0,7862.1,413.79,0.029859,0.40143,-2.9496,0.015445,,,
0,7862.1,1241.4,0.020188,0.40143,-2.9496,0.014131,,,
0,7862.1,2069,0.017403,0.40143,-2.9496,0.012703,,,
0,7862.1,2896.6,0.011192,0.40143,-2.9496,0.011259,,,
0,7862.1,3724.1,0.015707,0.40143,-2.9496,0.009873,,,
0,7862.1,4551.7,0.0071818,0.40143,-2.9496,0.0085906,,,
0,7862.1,5379.3,0.0095066,0.40143,-2.9496,0.0074366,,,
0,7862.1,6206.9,0.0061701,0.40143,-2.9496,0.0064187,,,
0,7862.1,7034.5,0.0016641,0.40143,-2.9496,0.0055331,,,
0,7862.1,7862.1,0.00088865,0.40143,-2.9496,0.0047701,,,
0,7862.1,8689.7,-0.0015388,0.40143,-2.9496,0.0041168,,,
0,7862.1,9517.2,-6.88E-05,0.40143,-2.9496,0.0035594,,,
0,7862.1,10345,0.0068534,0.40143,-2.9496,0.0030848,,,
0,7862.1,11172,0.013347,0.40143,-2.9496,0.0026806,,,
0,7862.1,12000,0.0075068,0.40143,-2.9496,0.0023363,,,
0,8689.7,-12000,0.0052958,0.40143,-2.9496,0.0053295,,,
0,8689.7,-11172,0.0086541,0.40143,-2.9496,0.0060213,,,
0,8689.7,-10345,0.010521,0.40143,-2.9496,0.0067987,,,
0,8689.7,-9517.2,0.01376,0.40143,-2.9496,0.0076624,,,
0,8689.7,-8689.7,0.012954,0.40143,-2.9496,0.0086066,,,
0,8689.7,-7862.1,0.02335,0.40143,-2.9496,0.0096162,,,
0,8689.7,-7034.5,0.017172,0.40143,-2.9496,0.010664,,,
0,8689.7,-6206.9,0.022112,0.40143,-2.9496,0.011708,,,
0,8689.7,-5379.3,0.019648,0.40143,-2.9496,0.012692,,,
0,8689.7,-4551.7,0.027104,0.40143,-2.9496,0.013546,,,
0,8689.7,-3724.1,0.029344,0.40143,-2.9496,0.014198,,,
0,8689.7,-2896.6,0.022149,0.40143,-2.9496,0.014583,,,
0,8689.7,-2069,0.020534,0.40143,-2.9496,0.014657,,,
0,8689.7,-1241.4,0.029863,0.40143,-2.9496,0.014406,,,
0,8689.7,-413.79,0.023954,0.40143,-2.9496,0.013853,,,
0,8689.7,413.79,0.026681,0.40143,-2.9496,0.013049,,,
0,8689.7,1241.4,0.022121,0.40143,-2.9496,0.012067,,,
0,8689.7,2069,0.015036,0.40143,-2.9496,0.010982,,,
0,8689.7,2896.6,0.013514,0.40143,-2.9496,0.0098636,,,
0,8689.7,3724.1,0.0086237,0.40143,-2.9496,0.0087665,,,
0,8689.7,4551.7,0.003107,0.40143,-2.9496,0.00773,,,
0,8689.7,5379.3,0.0061633,0.40143,-2.9496,0.0067777,,,
0,8689.7,6206.9,0.0026081,0.40143,-2.9496,0.0059208,,,
0,8689.7,7034.5,-0.0021404,0.40143,-2.9496,0.0051614,,,
0,8689.7,7862.1,0.0068036,0.40143,-2.9496,0.0044957,,,
0,8689.7,8689.7,0.010618,0.40143,-2.9496,0.0039167,,,
0,8689.7,9517.2,0.0050574,0.40143,-2.9496,0.0034155,,,
0,8689.7,10345,0.0015649,0.40143,-2.9496,0.0029832,,,
0,8689.7,11172,0.0073806,0.40143,-2.9496,0.0026107,,,
0,8689.7,12000,0.0062538,0.40143,-2.9496,0.00229,,,
0,9517.2,-12000,0.014502,0.40143,-2.9496,0.0049664,,,
0,9517.2,-11172,0.0076752,0.40143,-2.9496,0.0055605,,,
0,9517.2,-10345,0.0095552,0.40143,-2.9496,0.0062176,,,
0,9517.2,-9517.2,0.0083508,0.40143,-2.9496,0.0069348,,,
0,9517.2,-8689.7,0.016827,0.40143,-2.9496,0.0077045,,,
0,9517.2,-7862.1,0.016216,0.40143,-2.9496,0.0085116,,,
0,9517.2,-7034.5,0.01319,0.40143,-2.9496,0.0093327,,,
0,9517.2,-6206.9,0.016659,0.40143,-2.9496,0.010135,,,
0,9517.2,-5379.3,0.01969,0.40143,-2.9496,0.010875,,,
0,9517.2,-4551.7,0.012791,0.40143,-2.9496,0.011507,,,
0,9517.2,-3724.1,0.027314,0.40143,-2.9496,0.01198,,,
0,9517.2,-2896.6,0.020541,0.40143,-2.9496,0.012252,,,
0,9517.2,-2069,0.018477,0.40143,-2.9496,0.012297,,,
0,9517.2,-1241.4,0.025923,0.40143,-2.9496,0.012105,,,
0,9517.2,-413.79,0.021573,0.40143,-2.9496,0.011692,,,
0,9517.2,413.79,0.015811,0.40143,-2.9496,0.011091,,,
0,9517.2,1241.4,0.023377,0.40143,-2.9496,0.01035,,,
0,9517.2,2069,0.02119,0.40143,-2.9496,0.009519,,,
0,9517.2,2896.6,0.0056325,0.40143,-2.9496,0.0086482,,,
0,9517.2,3724.1,0.0025518,0.40143,-2.9496,0.0077786,,,
0,9517.2,4551.7,0.012808,0.40143,-2.9496,0.0069414,,,
0,9517.2,5379.3,-0.00034236,0.40143,-2.9496,0.0061577,,,
0,9517.2,6206.9,0.0017529,0.40143,-2.9496,0.0054395,,,
0,9517.2,7034.5,0.00012641,0.40143,-2.9496,0.0047919,,,
0,9517.2,7862.1,0.0071974,0.40143,-2.9496,0.004215,,,
0,9517.2,8689.7,0.0099371,0.40143,-2.9496,0.0037055,,,
0,9517.2,9517.2,0.0049575,0.40143,-2.9496,0.0032584,,,
0,9517.2,10345,0.0066406,0.40143,-2.9496,0.0028678,,,
0,9517.2,11172,0.0071987,0.40143,-2.9496,0.0025273,,,
0,9517.2,12000,0.01333,0.40143,-2.9496,0.002231,,,
0,10345,-12000,0.016809,0.40143,-2.9496,0.0046121,,,
0,10345,-11172,0.010251,0.40143,-2.9496,0.0051201,,,
0,10345,-10345,0.012248,0.40143,-2.9496,0.0056733,,,
0,10345,-9517.2,0.0075666,0.40143,-2.9496,0.0062675,,,
0,10345,-8689.7,0.0089203,0.40143,-2.9496,0.0068944,,,
0,10345,-7862.1,0.010022,0.40143,-2.9496,0.0075403,,,
0,10345,-7034.5,0.0092007,0.40143,-2.9496,0.0081857,,,
0,10345,-6206.9,0.01358,0.40143,-2.9496,0.0088049,,,
0,10345,-5379.3,0.0090075,0.40143,-2.9496,0.009367,,,
0,10345,-4551.7,0.0082941,0.40143,-2.9496,0.0098383,,,
0,10345,-3724.1,0.018763,0.40143,-2.9496,0.010185,,,
0,10345,-2896.6,0.018481,0.40143,-2.9496,0.010381,,,
0,10345,-2069,0.010286,0.40143,-2.9496,0.010406,,,
0,10345,-1241.4,0.019335,0.40143,-2.9496,0.010258,,,
0,10345,-413.79,0.017032,0.40143,-2.9496,0.0099445,,,
0,10345,413.79,0.008475,0.40143,-2.9496,0.009489,,,
0,10345,1241.4,0.014823,0.40143,-2.9496,0.0089228,,,
0,10345,2069,0.015555,0.40143,-2.9496,0.0082812,,,
0,10345,2896.6,0.0024574,0.40143,-2.9496,0.0075991,,,
0,10345,3724.1,-0.0031382,0.40143,-2.9496,0.0069071,,,
0,10345,4551.7,0.00068313,0.40143,-2.9496,0.0062298,,,
0,10345,5379.3,-0.0035729,0.40143,-2.9496,0.005585,,,
0,10345,6206.9,-0.00097863,0.40143,-2.9496,0.0049843,,,
0,10345,7034.5,0.0040301,0.40143,-2.9496,0.004434,,,
0,10345,7862.1,0.0016096,0.40143,-2.9496,0.0039363,,,
0,10345,8689.7,0.005911,0.40143,-2.9496,0.0034904,,,
0,10345,9517.2,0.0091398,0.40143,-2.9496,0.003094,,,
0,10345,10345,0.0081417,0.40143,-2.9496,0.0027433,,,
0,10345,11172,0.011438,0.40143,-2.9496,0.0024341,,,
0,10345,12000,0.0071504,0.40143,-2.9496,0.0021623,,,
0,11172,-12000,0.010296,0.40143,-2.9496,0.0042729,,,
0,11172,-11172,0.0037038,0.40143,-2.9496,0.004706,,,
0,11172,-10345,0.015595,0.40143,-2.9496,0.0051709,,,
0,11172,-9517.2,0.0048752,0.40143,-2.9496,0.0056628,,,
0,11172,-8689.7,0.0069274,0.40143,-2.9496,0.0061738,,,
0,11172,-7862.1,0.0057546,0.40143,-2.9496,0.0066921,,,
0,11172,-7034.5,0.0028727,0.40143,-2.9496,0.0072017,,,
0,11172,-6206.9,0.0089708,0.40143,-2.9496,0.0076831,,,
0,11172,-5379.3,0.0073227,0.40143,-2.9496,0.0081134,,,
0,11172,-4551.7,0.016711,0.40143,-2.9496,0.0084689,,,
0,11172,-3724.1,0.01606,0.40143,-2.9496,0.0087267,,,
0,11172,-2896.6,0.014135,0.40143,-2.9496,0.0088682,,,
0,11172,-2069,0.0087148,0.40143,-2.9496,0.0088819,,,
0,11172,-1241.4,0.0076902,0.40143,-2.9496,0.0087648,,,
0,11172,-413.79,0.012956,0.40143,-2.9496,0.0085237,,,
0,11172,413.79,0.017473,0.40143,-2.9496,0.0081737,,,
0,11172,1241.4,0.0093263,0.40143,-2.9496,0.0077362,,,
0,11172,2069,0.0037981,0.40143,-2.9496,0.0072359,,,
0,11172,2896.6,0.0036637,0.40143,-2.9496,0.0066975,,,
0,11172,3724.1,-0.0033311,0.40143,-2.9496,0.0061439,,,
0,11172,4551.7,0.0040656,0.40143,-2.9496,0.0055942,,,
0,11172,5379.3,-0.00093755,0.40143,-2.9496,0.005063,,,
0,11172,6206.9,-0.0031974,0.40143,-2.9496,0.0045608,,,
0,11172,7034.5,0.0013203,0.40143,-2.9496,0.0040939,,,
0,11172,7862.1,0.00086479,0.40143,-2.9496,0.0036656,,,
0,11172,8689.7,0.0052239,0.40143,-2.9496,0.0032769,,,
0,11172,9517.2,0.0060675,0.40143,-2.9496,0.0029269,,,
0,11172,10345,0.0066989,0.40143,-2.9496,0.0026136,,,
0,11172,11172,0.0079599,0.40143,-2.9496,0.0023345,,,
0,11172,12000,0.013715,0.40143,-2.9496,0.0020865,,,
0,12000,-12000,0.0073723,0.40143,-2.9496,0.0039526,,,
0,12000,-11172,0.0095924,0.40143,-2.9496,0.0043211,,,
0,12000,-10345,0.0093912,0.40143,-2.9496,0.0047116,,,
0,12000,-9517.2,-0.0061832,0.40143,-2.9496,0.0051193,,,
0,12000,-8689.7,0.0021296,0.40143,-2.9496,0.0055368,,,
0,12000,-7862.1,0.00024272,0.40143,-2.9496,0.0059542,,,
0,12000,-7034.5,0.0039646,0.40143,-2.9496,0.0063589,,,
0,12000,-6206.9,0.0093812,0.40143,-2.9496,0.0067358,,,
0,12000,-5379.3,0.0062761,0.40143,-2.9496,0.0070683,,,
0,12000,-4551.7,0.017387,0.40143,-2.9496,0.0073392,,,
0,12000,-3724.1,0.0080639,0.40143,-2.9496,0.0075329,,,
0,12000,-2896.6,0.0057785,0.40143,-2.9496,0.0076366,,,
0,12000,-2069,0.014071,0.40143,-2.9496,0.0076426,,,
0,12000,-1241.4,0.015281,0.40143,-2.9496,0.0075491,,,
0,12000,-413.79,0.012298,0.40143,-2.9496,0.007361,,,
0,12000,413.79,0.0090396,0.40143,-2.9496,0.0070885,,,
0,12000,1241.4,0.010849,0.40143,-2.9496,0.0067464,,,
0,12000,2069,0.0090796,0.40143,-2.9496,0.0063523,,,
0,12000,2896.6,0.0046557,0.40143,-2.9496,0.0059239,,,
0,12000,3724.1,0.003203,0.40143,-2.9496,0.0054783,,,
0,12000,4551.7,-0.00070906,0.40143,-2.9496,0.0050302,,,
0,12000,5379.3,0.0055889,0.40143,-2.9496,0.0045915,,,
0,12000,6206.9,-0.0037533,0.40143,-2.9496,0.004171,,,
0,12000,7034.5,-0.0018686,0.40143,-2.9496,0.003775,,,
0,12000,7862.1,-0.00044402,0.40143,-2.9496,0.0034071,,,
0,12000,8689.7,0.0016083,0.40143,-2.9496,0.003069,,,
0,12000,9517.2,-0.00084256,0.40143,-2.9496,0.0027609,,,
0,12000,10345,-0.0036986,0.40143,-2.9496,0.0024821,,,
0,12000,11172,0.0012232,0.40143,-2.9496,0.0022311,,,
0,12000,12000,0.0072625,0.40143,-2.9496,0.002006,,,